-- MySQL dump 10.13  Distrib 8.0.26, for Linux (x86_64)
--
-- Host: 127.0.0.1    Database: isucon2021_prior
-- ------------------------------------------------------
-- Server version	8.0.26-0ubuntu0.20.04.2

/*!40101 SET @OLD_CHARACTER_SET_CLIENT=@@CHARACTER_SET_CLIENT */;
/*!40101 SET @OLD_CHARACTER_SET_RESULTS=@@CHARACTER_SET_RESULTS */;
/*!40101 SET @OLD_COLLATION_CONNECTION=@@COLLATION_CONNECTION */;
/*!50503 SET NAMES utf8mb4 */;
/*!40103 SET @OLD_TIME_ZONE=@@TIME_ZONE */;
/*!40103 SET TIME_ZONE='+00:00' */;
/*!40014 SET @OLD_UNIQUE_CHECKS=@@UNIQUE_CHECKS, UNIQUE_CHECKS=0 */;
/*!40014 SET @OLD_FOREIGN_KEY_CHECKS=@@FOREIGN_KEY_CHECKS, FOREIGN_KEY_CHECKS=0 */;
/*!40101 SET @OLD_SQL_MODE=@@SQL_MODE, SQL_MODE='NO_AUTO_VALUE_ON_ZERO' */;
/*!40111 SET @OLD_SQL_NOTES=@@SQL_NOTES, SQL_NOTES=0 */;

--
-- Table structure for table `reservations`
--

DROP TABLE IF EXISTS `reservations`;
/*!40101 SET @saved_cs_client     = @@character_set_client */;
/*!50503 SET character_set_client = utf8mb4 */;
CREATE TABLE `reservations` (
  `id` varchar(255) NOT NULL,
  `schedule_id` varchar(255) NOT NULL,
  `user_id` varchar(255) NOT NULL,
  `created_at` datetime(6) NOT NULL,
  PRIMARY KEY (`id`)
) ENGINE=InnoDB DEFAULT CHARSET=utf8mb4 COLLATE=utf8mb4_0900_ai_ci;
/*!40101 SET character_set_client = @saved_cs_client */;

--
-- Dumping data for table `reservations`
--

LOCK TABLES `reservations` WRITE;
/*!40000 ALTER TABLE `reservations` DISABLE KEYS */;
INSERT INTO `reservations` VALUES ('01FD1DPMW65E7JX3F2MYAA5EPF','01FD1DPMV75DJ9ZARNWZN47W57','01FD1DPMTWWTHGV7X5DA9VQN0H','2021-08-14 13:11:15.210868'),('01FD1DPMWGSYZ9KKD6G09FVNX6','01FD1DPMV75DJ9ZARNWZN47W57','01FD1DPMTPAS1CSGB2H1N797CV','2021-08-14 13:11:15.230956'),('01FD1DPMWVDAA6PCMKHZYVJVP7','01FD1DPMTZ9PP8VSDC2CNX3FBX','01FD1DPMTWWTHGV7X5DA9VQN0H','2021-08-14 13:11:15.238212'),('01FD1DPMXMNKFQ9BYYRG29VSTK','01FD1DPMTZ9PP8VSDC2CNX3FBX','01FD1DPMTPAS1CSGB2H1N797CV','2021-08-14 13:11:15.256310'),('01FD1DPN19DNND65JGBH2Y1DNR','01FD1DPMZX82WV27GBPRBYB1CT','01FD1DPMTPAS1CSGB2H1N797CV','2021-08-14 13:11:15.376462'),('01FD1DPN1FC2EYEM15J64SFS8C','01FD1DPMZYMWJQMX45JH22H66D','01FD1DPMTWWTHGV7X5DA9VQN0H','2021-08-14 13:11:15.385814'),('01FD1DPN1M0C4HSS0JZBFSAP8R','01FD1DPMZYMWJQMX45JH22H66D','01FD1DPN06HH6N0PEQC6BNQYJF','2021-08-14 13:11:15.432749'),('01FD1DPN1PX2WH88FPS82E9CVC','01FD1DPMZYMWJQMX45JH22H66D','01FD1DPN0CA2ST5VW9HXQP8EMH','2021-08-14 13:11:15.405413'),('01FD1DPN2B52J2CNKVQC9SR207','01FD1DPMZYMWJQMX45JH22H66D','01FD1DPMTPAS1CSGB2H1N797CV','2021-08-14 13:11:15.450649'),('01FD1DPN2X2YCTJGQN83EY9RTY','01FD1DPMZX82WV27GBPRBYB1CT','01FD1DPMTWWTHGV7X5DA9VQN0H','2021-08-14 13:11:15.436280'),('01FD1DPN3CBQ81ERPDJDKR28B9','01FD1DPMZX82WV27GBPRBYB1CT','01FD1DPN0CA2ST5VW9HXQP8EMH','2021-08-14 13:11:15.452065'),('01FD1DPN4CG8WH0RBDFSM6GR1J','01FD1DPMZX82WV27GBPRBYB1CT','01FD1DPN06HH6N0PEQC6BNQYJF','2021-08-14 13:11:15.489739'),('01FD1DPN5H6VR197CZ8W9MA111','01FD1DPMV75DJ9ZARNWZN47W57','01FD1DPN0CA2ST5VW9HXQP8EMH','2021-08-14 13:11:15.510685'),('01FD1DPN5NEQGYXDN60BQ10G4J','01FD1DPN4SYR7H55WAYX0MDBV5','01FD1DPMTWWTHGV7X5DA9VQN0H','2021-08-14 13:11:15.513478'),('01FD1DPN64WCJWZHV4HYFJ6CDH','01FD1DPMV75DJ9ZARNWZN47W57','01FD1DPN06HH6N0PEQC6BNQYJF','2021-08-14 13:11:15.531923'),('01FD1DPN6CEB6DFRTQPZT3QX5W','01FD1DPMTZ9PP8VSDC2CNX3FBX','01FD1DPN0CA2ST5VW9HXQP8EMH','2021-08-14 13:11:15.536579'),('01FD1DPN6W0PXWAV3BBKGJZ87V','01FD1DPMTZ9PP8VSDC2CNX3FBX','01FD1DPN06HH6N0PEQC6BNQYJF','2021-08-14 13:11:15.552160'),('01FD1DPN7FSPWGG2W0SRG8DGAD','01FD1DPN58G49J26BV1XTYZRCX','01FD1DPN06HH6N0PEQC6BNQYJF','2021-08-14 13:11:15.571625'),('01FD1DPN898Y57VW8S5W315E5D','01FD1DPN4SYR7H55WAYX0MDBV5','01FD1DPN06HH6N0PEQC6BNQYJF','2021-08-14 13:11:15.616874'),('01FD1DPN9T68553C6EX155KHB4','01FD1DPN58G49J26BV1XTYZRCX','01FD1DPN84Y95D6T6GZ484DTGV','2021-08-14 13:11:15.647699'),('01FD1DPNB6FCK40Q96Q7M1MZ86','01FD1DPN58G49J26BV1XTYZRCX','01FD1DPN9Q0F3T4N2YB240D0TQ','2021-08-14 13:11:15.694274'),('01FD1DPNB7B72TTBZTTXQ853AK','01FD1DPN4SYR7H55WAYX0MDBV5','01FD1DPN84Y95D6T6GZ484DTGV','2021-08-14 13:11:15.700465'),('01FD1DPNBHVXEE766K9ZFNMFAP','01FD1DPN58G49J26BV1XTYZRCX','01FD1DPNAFKTRTB8QN08D4FPV4','2021-08-14 13:11:15.706936'),('01FD1DPNBYB0N7JNN5T4NFHJEK','01FD1DPN4SYR7H55WAYX0MDBV5','01FD1DPN9Q0F3T4N2YB240D0TQ','2021-08-14 13:11:15.723823'),('01FD1DPNCSC0XKFQV7KT19JTVX','01FD1DPMZYMWJQMX45JH22H66D','01FD1DPN84Y95D6T6GZ484DTGV','2021-08-14 13:11:15.756646'),('01FD1DPND7SA9DF3ZTWZN5XYYP','01FD1DPN4SYR7H55WAYX0MDBV5','01FD1DPNAFKTRTB8QN08D4FPV4','2021-08-14 13:11:15.762147'),('01FD1DPNDDJZRD566GCB17BHDE','01FD1DPMZYMWJQMX45JH22H66D','01FD1DPN9Q0F3T4N2YB240D0TQ','2021-08-14 13:11:15.767742'),('01FD1DPNE4B8WRW43KXJQ063TN','01FD1DPMZX82WV27GBPRBYB1CT','01FD1DPN84Y95D6T6GZ484DTGV','2021-08-14 13:11:15.794554'),('01FD1DPNEEF2F4N3RZK6TPKY17','01FD1DPMZX82WV27GBPRBYB1CT','01FD1DPN9Q0F3T4N2YB240D0TQ','2021-08-14 13:11:15.829813'),('01FD1DPNEKT3HFQAZ9H37KWZGH','01FD1DPMZYMWJQMX45JH22H66D','01FD1DPNAFKTRTB8QN08D4FPV4','2021-08-14 13:11:15.800002'),('01FD1DPNEQA3CECM4D8PW69G44','01FD1DPN58G49J26BV1XTYZRCX','01FD1DPNDDJZRD566GCF0BBHCJ','2021-08-14 13:11:15.802064'),('01FD1DPNG63F795MP0RC1N4MVJ','01FD1DPMV75DJ9ZARNWZN47W57','01FD1DPN84Y95D6T6GZ484DTGV','2021-08-14 13:11:15.854092'),('01FD1DPNGDS9Z01206P74Z1PG2','01FD1DPN4SYR7H55WAYX0MDBV5','01FD1DPNDDJZRD566GCF0BBHCJ','2021-08-14 13:11:15.858557'),('01FD1DPNGE6ZBGQRNJHTBWG482','01FD1DPMZX82WV27GBPRBYB1CT','01FD1DPNAFKTRTB8QN08D4FPV4','2021-08-14 13:11:15.863604'),('01FD1DPNGRV54YBBW6M0EDPEZC','01FD1DPMV75DJ9ZARNWZN47W57','01FD1DPN9Q0F3T4N2YB240D0TQ','2021-08-14 13:11:15.876580'),('01FD1DPNH8NP49N1X5AKGCKACE','01FD1DPMTZ9PP8VSDC2CNX3FBX','01FD1DPN84Y95D6T6GZ484DTGV','2021-08-14 13:11:15.885986'),('01FD1DPNHPF0N8E632QK4C6BPS','01FD1DPMZYMWJQMX45JH22H66D','01FD1DPNDDJZRD566GCF0BBHCJ','2021-08-14 13:11:15.904278'),('01FD1DPNHW0X10EGT6CXHQBGYY','01FD1DPMV75DJ9ZARNWZN47W57','01FD1DPNAFKTRTB8QN08D4FPV4','2021-08-14 13:11:15.903298'),('01FD1DPNJ2KAXHKCSJ25P4HNM3','01FD1DPMTZ9PP8VSDC2CNX3FBX','01FD1DPN9Q0F3T4N2YB240D0TQ','2021-08-14 13:11:15.909832'),('01FD1DPNJQ7GN9AM9V0F9Z69WN','01FD1DPMTZ9PP8VSDC2CNX3FBX','01FD1DPNAFKTRTB8QN08D4FPV4','2021-08-14 13:11:15.934899'),('01FD1DPNJV972MSYAQDF5KCND1','01FD1DPMZX82WV27GBPRBYB1CT','01FD1DPNDDJZRD566GCF0BBHCJ','2021-08-14 13:11:15.934216'),('01FD1DPNKZDRJ2MZE37H448G7V','01FD1DPMV75DJ9ZARNWZN47W57','01FD1DPNDDJZRD566GCF0BBHCJ','2021-08-14 13:11:15.971878'),('01FD1DPNMSVXBF02ZQBGNPN9YM','01FD1DPMTZ9PP8VSDC2CNX3FBX','01FD1DPNDDJZRD566GCF0BBHCJ','2021-08-14 13:11:15.997778'),('01FD1DPNPR0F1SZKEV36S769JW','01FD1DPN58G49J26BV1XTYZRCX','01FD1DPNNG19XKMDWJY3K17NY7','2021-08-14 13:11:16.066095'),('01FD1DPNQN5HCH4NMNMFM8DHXW','01FD1DPN58G49J26BV1XTYZRCX','01FD1DPNNYAP5SPXEBV8GPVWJR','2021-08-14 13:11:16.089519'),('01FD1DPNR4AGAPVMTD22FCSTVR','01FD1DPN4SYR7H55WAYX0MDBV5','01FD1DPNNG19XKMDWJY3K17NY7','2021-08-14 13:11:16.111816'),('01FD1DPNRE5SNCY5W34XYCRA7B','01FD1DPN58G49J26BV1XTYZRCX','01FD1DPNQD16K3FYR2D52VZ8JG','2021-08-14 13:11:16.116418'),('01FD1DPNSEARRH8M3AFYDAFXVG','01FD1DPN4SYR7H55WAYX0MDBV5','01FD1DPNNYAP5SPXEBV8GPVWJR','2021-08-14 13:11:16.154439'),('01FD1DPNSMGH6BD9X57C043KES','01FD1DPMZYMWJQMX45JH22H66D','01FD1DPNNG19XKMDWJY3K17NY7','2021-08-14 13:11:16.153995'),('01FD1DPNSQQT5FX1VX4HRXDSED','01FD1DPN4SYR7H55WAYX0MDBV5','01FD1DPNQD16K3FYR2D52VZ8JG','2021-08-14 13:11:16.170882'),('01FD1DPNVFN57AQBFFQX799QTD','01FD1DPMZX82WV27GBPRBYB1CT','01FD1DPNNG19XKMDWJY3K17NY7','2021-08-14 13:11:16.854187'),('01FD1DPNVFN57AQBFFR0MMGX1K','01FD1DPMZYMWJQMX45JH22H66D','01FD1DPNNYAP5SPXEBV8GPVWJR','2021-08-14 13:11:16.211159'),('01FD1DPNVNTB1EAEVRNM7JT0YC','01FD1DPN58G49J26BV1XTYZRCX','01FD1DPNS89RNFK30X4M88N160','2021-08-14 13:11:16.859936'),('01FD1DPNVT0WTECSTJE6WD8AWX','01FD1DPMZYMWJQMX45JH22H66D','01FD1DPNQD16K3FYR2D52VZ8JG','2021-08-14 13:11:16.854878'),('01FD1DPPGB69YRCA8CJDSV5CKJ','01FD1DPMZX82WV27GBPRBYB1CT','01FD1DPNNYAP5SPXEBV8GPVWJR','2021-08-14 13:11:16.880635'),('01FD1DPPH4T7DKQRVQ2CS8AM01','01FD1DPMZX82WV27GBPRBYB1CT','01FD1DPNQD16K3FYR2D52VZ8JG','2021-08-14 13:11:16.908745'),('01FD1DPPH738PVJKHZ248EP3VH','01FD1DPMV75DJ9ZARNWZN47W57','01FD1DPNNG19XKMDWJY3K17NY7','2021-08-14 13:11:16.928507'),('01FD1DPPHA80JFHMTCY4T0VGSY','01FD1DPMV75DJ9ZARNWZN47W57','01FD1DPNNYAP5SPXEBV8GPVWJR','2021-08-14 13:11:16.910450'),('01FD1DPPHGC9JRAV70ZSDX590Y','01FD1DPN4SYR7H55WAYX0MDBV5','01FD1DPNS89RNFK30X4M88N160','2021-08-14 13:11:16.926157'),('01FD1DPPJ5Y3XRQ8K3Q7GTSNM0','01FD1DPMV75DJ9ZARNWZN47W57','01FD1DPNQD16K3FYR2D52VZ8JG','2021-08-14 13:11:16.944643'),('01FD1DPPJ7FNM5G73VW773RKF2','01FD1DPMTZ9PP8VSDC2CNX3FBX','01FD1DPNNYAP5SPXEBV8GPVWJR','2021-08-14 13:11:16.941430'),('01FD1DPPJTEX83K2X044D9T8N9','01FD1DPMTZ9PP8VSDC2CNX3FBX','01FD1DPNNG19XKMDWJY3K17NY7','2021-08-14 13:11:16.959259'),('01FD1DPPKMA7247C5B5X41Z6TE','01FD1DPMZYMWJQMX45JH22H66D','01FD1DPNS89RNFK30X4M88N160','2021-08-14 13:11:16.983590'),('01FD1DPPM2WB5CD5DA1CTA1GP1','01FD1DPMTZ9PP8VSDC2CNX3FBX','01FD1DPNQD16K3FYR2D52VZ8JG','2021-08-14 13:11:17.000881'),('01FD1DPPMG83BZSR42TYKCQKCK','01FD1DPMZX82WV27GBPRBYB1CT','01FD1DPNS89RNFK30X4M88N160','2021-08-14 13:11:17.012492'),('01FD1DPPNKAAAYJ93C5Y04N4TE','01FD1DPMV75DJ9ZARNWZN47W57','01FD1DPNS89RNFK30X4M88N160','2021-08-14 13:11:17.046698'),('01FD1DPPR6XAQWQZSM09BP0JP5','01FD1DPMTZ9PP8VSDC2CNX3FBX','01FD1DPNS89RNFK30X4M88N160','2021-08-14 13:11:17.135866'),('01FD1DPPRYDH36YEPCRMFYVT3X','01FD1DPN58G49J26BV1XTYZRCX','01FD1DPPPAFRPGVKJVX5ZSPF4P','2021-08-14 13:11:17.160616'),('01FD1DPPS5ES9ZQJS4K1F5AF02','01FD1DPN58G49J26BV1XTYZRCX','01FD1DPPQ1YYGNEEBSQR5XJ5PB','2021-08-14 13:11:17.172251'),('01FD1DPPSND5C4EQMTQ3BG3AB7','01FD1DPN58G49J26BV1XTYZRCX','01FD1DPPR22FC8H0WZKCQ2YABK','2021-08-14 13:11:17.184546'),('01FD1DPPTAD4T22QR4FH88XK7K','01FD1DPN4SYR7H55WAYX0MDBV5','01FD1DPPPAFRPGVKJVX5ZSPF4P','2021-08-14 13:11:17.208348'),('01FD1DPPTV7GHFT1EK5440EFQA','01FD1DPN4SYR7H55WAYX0MDBV5','01FD1DPPQ1YYGNEEBSQR5XJ5PB','2021-08-14 13:11:17.228043'),('01FD1DPPW860AJACJVNH923E9F','01FD1DPMZYMWJQMX45JH22H66D','01FD1DPPPAFRPGVKJVX5ZSPF4P','2021-08-14 13:11:17.270734'),('01FD1DPPWE65XRY4M2DPNFS471','01FD1DPN4SYR7H55WAYX0MDBV5','01FD1DPPR22FC8H0WZKCQ2YABK','2021-08-14 13:11:17.271921'),('01FD1DPPWV8JWXQFG823YN7ZRY','01FD1DPMZYMWJQMX45JH22H66D','01FD1DPPQ1YYGNEEBSQR5XJ5PB','2021-08-14 13:11:17.293662'),('01FD1DPPY9CGNZCDGJ2S2G1KYR','01FD1DPMZYMWJQMX45JH22H66D','01FD1DPPR22FC8H0WZKCQ2YABK','2021-08-14 13:11:17.344826'),('01FD1DPPYTK5GEB4Y1QYPWBWQR','01FD1DPMZX82WV27GBPRBYB1CT','01FD1DPPPAFRPGVKJVX5ZSPF4P','2021-08-14 13:11:17.352157'),('01FD1DPPYZB7ZP5KKDWT7KS7AH','01FD1DPN58G49J26BV1XTYZRCX','01FD1DPPWMJ5XBF0M9S05CNJHJ','2021-08-14 13:11:17.350031'),('01FD1DPPZ0H81TWEAMZFXZS3K9','01FD1DPMZX82WV27GBPRBYB1CT','01FD1DPPQ1YYGNEEBSQR5XJ5PB','2021-08-14 13:11:17.366987'),('01FD1DPQ07RGPGSN54GSQZQW05','01FD1DPMZX82WV27GBPRBYB1CT','01FD1DPPR22FC8H0WZKCQ2YABK','2021-08-14 13:11:17.385681'),('01FD1DPQ0VN3G4XHJN12QYC69Y','01FD1DPMV75DJ9ZARNWZN47W57','01FD1DPPPAFRPGVKJVX5ZSPF4P','2021-08-14 13:11:17.421353'),('01FD1DPQ2B4ZERVZGQK3AAFJF1','01FD1DPMV75DJ9ZARNWZN47W57','01FD1DPPQ1YYGNEEBSQR5XJ5PB','2021-08-14 13:11:17.458207'),('01FD1DPQ2DZ5TAZCGN9W8B1SR0','01FD1DPN4SYR7H55WAYX0MDBV5','01FD1DPPWMJ5XBF0M9S05CNJHJ','2021-08-14 13:11:17.468677'),('01FD1DPQ397R9H4VM9PPMCMC12','01FD1DPMV75DJ9ZARNWZN47W57','01FD1DPPR22FC8H0WZKCQ2YABK','2021-08-14 13:11:17.497652'),('01FD1DPQ3J4J2DVSCRGZZG6848','01FD1DPMTZ9PP8VSDC2CNX3FBX','01FD1DPPPAFRPGVKJVX5ZSPF4P','2021-08-14 13:11:17.510579'),('01FD1DPQ41SMXSSSRWXBZ0FEDC','01FD1DPMTZ9PP8VSDC2CNX3FBX','01FD1DPPQ1YYGNEEBSQR5XJ5PB','2021-08-14 13:11:17.520141'),('01FD1DPQ4MXKB2MJX6CCWDQ7DH','01FD1DPMZYMWJQMX45JH22H66D','01FD1DPPWMJ5XBF0M9S05CNJHJ','2021-08-14 13:11:17.531404'),('01FD1DPQ5AAX39P3H7KB82Z8RE','01FD1DPMTZ9PP8VSDC2CNX3FBX','01FD1DPPR22FC8H0WZKCQ2YABK','2021-08-14 13:11:17.567232'),('01FD1DPQ6X2B26RE3BTR89JXRH','01FD1DPMZX82WV27GBPRBYB1CT','01FD1DPPWMJ5XBF0M9S05CNJHJ','2021-08-14 13:11:17.601100'),('01FD1DPQH5X325RDDJF5YE9AF6','01FD1DPMV75DJ9ZARNWZN47W57','01FD1DPPWMJ5XBF0M9S05CNJHJ','2021-08-14 13:11:17.948031'),('01FD1DPQK5WYSYTKNGV2N0GGSM','01FD1DPN58G49J26BV1XTYZRCX','01FD1DPQHGJ3XVNPPBY3ZCQZ5P','2021-08-14 13:11:18.005411'),('01FD1DPQKGY7D582WHP9BNJ25F','01FD1DPN58G49J26BV1XTYZRCX','01FD1DPQ7ZHARP75S734PD2KEW','2021-08-14 13:11:18.019303'),('01FD1DPQKQGTHR34AJDWNGK5FH','01FD1DPN58G49J26BV1XTYZRCX','01FD1DPQ8K51CANPQ5B5H4VWYN','2021-08-14 13:11:18.036347'),('01FD1DPQKR7VGNY7NJYAANGXX5','01FD1DPMTZ9PP8VSDC2CNX3FBX','01FD1DPPWMJ5XBF0M9S05CNJHJ','2021-08-14 13:11:18.013994'),('01FD1DPQNV74BMXRP0YQ4PSZ05','01FD1DPN4SYR7H55WAYX0MDBV5','01FD1DPQ7ZHARP75S734PD2KEW','2021-08-14 13:11:18.079704'),('01FD1DPQNWS60EDD1HHAWP961R','01FD1DPN4SYR7H55WAYX0MDBV5','01FD1DPQHGJ3XVNPPBY3ZCQZ5P','2021-08-14 13:11:18.095829'),('01FD1DPQP927WT4M0ZDSKDTY7S','01FD1DPN4SYR7H55WAYX0MDBV5','01FD1DPQ8K51CANPQ5B5H4VWYN','2021-08-14 13:11:18.111010'),('01FD1DPQQ5KW2264MK8QD0GE17','01FD1DPMZYMWJQMX45JH22H66D','01FD1DPQ7ZHARP75S734PD2KEW','2021-08-14 13:11:18.122044'),('01FD1DPQRXXK49282XVX506ZEB','01FD1DPMZYMWJQMX45JH22H66D','01FD1DPQHGJ3XVNPPBY3ZCQZ5P','2021-08-14 13:11:18.188519'),('01FD1DPQSMD1Z6G7WY7QT1YN4Q','01FD1DPMZYMWJQMX45JH22H66D','01FD1DPQ8K51CANPQ5B5H4VWYN','2021-08-14 13:11:18.207165'),('01FD1DPQTEKJ0JH5RVYRC0QFP5','01FD1DPN58G49J26BV1XTYZRCX','01FD1DPQQX5XS2K70XN191PA8N','2021-08-14 13:11:18.231771'),('01FD1DPQTJ3B3G0EF7NN49WK0K','01FD1DPMZX82WV27GBPRBYB1CT','01FD1DPQ7ZHARP75S734PD2KEW','2021-08-14 13:11:18.235229'),('01FD1DPQVC23HJJPX37KTQ6PPZ','01FD1DPMZX82WV27GBPRBYB1CT','01FD1DPQHGJ3XVNPPBY3ZCQZ5P','2021-08-14 13:11:18.261620'),('01FD1DPQWE4FR0CHPHDZAPF4BT','01FD1DPMZX82WV27GBPRBYB1CT','01FD1DPQ8K51CANPQ5B5H4VWYN','2021-08-14 13:11:18.298416'),('01FD1DPQX3YJRC8AG7K9NCF87P','01FD1DPMV75DJ9ZARNWZN47W57','01FD1DPQ7ZHARP75S734PD2KEW','2021-08-14 13:11:18.315916'),('01FD1DPQX9C69QP6Q9DTGGGED2','01FD1DPN4SYR7H55WAYX0MDBV5','01FD1DPQQX5XS2K70XN191PA8N','2021-08-14 13:11:18.320113'),('01FD1DPQXZ2ET1J7FHXCV24VJH','01FD1DPMV75DJ9ZARNWZN47W57','01FD1DPQHGJ3XVNPPBY3ZCQZ5P','2021-08-14 13:11:18.349004'),('01FD1DPQYPKWCZAD3B3KXC1XGP','01FD1DPMV75DJ9ZARNWZN47W57','01FD1DPQ8K51CANPQ5B5H4VWYN','2021-08-14 13:11:18.364269'),('01FD1DPR0MVH29XQ7MYKNQYYX5','01FD1DPMZYMWJQMX45JH22H66D','01FD1DPQQX5XS2K70XN191PA8N','2021-08-14 13:11:18.427620'),('01FD1DPR0WF4QTH6RVWDSRXZYY','01FD1DPMTZ9PP8VSDC2CNX3FBX','01FD1DPQHGJ3XVNPPBY3ZCQZ5P','2021-08-14 13:11:18.435074'),('01FD1DPR14C23ZBRZFJSZFEHHN','01FD1DPMTZ9PP8VSDC2CNX3FBX','01FD1DPQ7ZHARP75S734PD2KEW','2021-08-14 13:11:18.451454'),('01FD1DPR1HVVMFCH2ST86GEV8K','01FD1DPMTZ9PP8VSDC2CNX3FBX','01FD1DPQ8K51CANPQ5B5H4VWYN','2021-08-14 13:11:18.460237'),('01FD1DPR2SJVWEPS9TBMHPJ8GZ','01FD1DPMZX82WV27GBPRBYB1CT','01FD1DPQQX5XS2K70XN191PA8N','2021-08-14 13:11:18.493252'),('01FD1DPR3VB1DFW347E1MP6VQZ','01FD1DPMV75DJ9ZARNWZN47W57','01FD1DPQQX5XS2K70XN191PA8N','2021-08-14 13:11:18.526662'),('01FD1DPR5Q86HQJH554CDT3HH3','01FD1DPMTZ9PP8VSDC2CNX3FBX','01FD1DPQQX5XS2K70XN191PA8N','2021-08-14 13:11:18.591935'),('01FD1DPR7AGXG20N6AHXQ89DQX','01FD1DPN58G49J26BV1XTYZRCX','01FD1DPR5FFR59D30NH7QA4SDJ','2021-08-14 13:11:18.637707'),('01FD1DPR83Q15QW2F4JYSJVGQQ','01FD1DPN58G49J26BV1XTYZRCX','01FD1DPR62QEGQ4EPG2DQHFP67','2021-08-14 13:11:18.676854'),('01FD1DPR8SSE67K0PEZ2N1QHN2','01FD1DPN4SYR7H55WAYX0MDBV5','01FD1DPR5FFR59D30NH7QA4SDJ','2021-08-14 13:11:18.687678'),('01FD1DPRBR5NF5TM10SPHFECZR','01FD1DPN58G49J26BV1XTYZRCX','01FD1DPR8HR6RSET93ZZ0JGPH8','2021-08-14 13:11:18.786695'),('01FD1DPRC1A5P3TP4QFE58Q83Y','01FD1DPN4SYR7H55WAYX0MDBV5','01FD1DPR62QEGQ4EPG2DQHFP67','2021-08-14 13:11:18.796135'),('01FD1DPRCEEECP80GDWH5C4QF3','01FD1DPN58G49J26BV1XTYZRCX','01FD1DPR9SCREQEY1QEQE8NP2Q','2021-08-14 13:11:18.815833'),('01FD1DPRCSM3ZFVDY2TYXMD6FH','01FD1DPMZYMWJQMX45JH22H66D','01FD1DPR5FFR59D30NH7QA4SDJ','2021-08-14 13:11:18.813028'),('01FD1DPREABD7MM5PMFZW47YRY','01FD1DPN4SYR7H55WAYX0MDBV5','01FD1DPR8HR6RSET93ZZ0JGPH8','2021-08-14 13:11:18.869139'),('01FD1DPRF5844A35BNJWCC51S7','01FD1DPMZYMWJQMX45JH22H66D','01FD1DPR62QEGQ4EPG2DQHFP67','2021-08-14 13:11:18.888742'),('01FD1DPRVF6HP8N8QVAY1W74GE','01FD1DPMZX82WV27GBPRBYB1CT','01FD1DPR5FFR59D30NH7QA4SDJ','2021-08-14 13:11:19.289524'),('01FD1DPRVZH7XQ23BSVNWZVSAY','01FD1DPN4SYR7H55WAYX0MDBV5','01FD1DPR9SCREQEY1QEQE8NP2Q','2021-08-14 13:11:19.302460'),('01FD1DPRWBEHKDCD1W9BCMBY9K','01FD1DPMZYMWJQMX45JH22H66D','01FD1DPR8HR6RSET93ZZ0JGPH8','2021-08-14 13:11:19.319905'),('01FD1DPRXBSPZ3M4WN16XP8A2X','01FD1DPMZX82WV27GBPRBYB1CT','01FD1DPR62QEGQ4EPG2DQHFP67','2021-08-14 13:11:19.385720'),('01FD1DPS0FXJ3D36J7C9DR7Z6S','01FD1DPMZX82WV27GBPRBYB1CT','01FD1DPR8HR6RSET93ZZ0JGPH8','2021-08-14 13:11:19.443366'),('01FD1DPS17DNPB8SC43PRZKA5N','01FD1DPMZYMWJQMX45JH22H66D','01FD1DPR9SCREQEY1QEQE8NP2Q','2021-08-14 13:11:19.476959'),('01FD1DPS1F0MYYV1NC77N0QCJ8','01FD1DPMV75DJ9ZARNWZN47W57','01FD1DPR5FFR59D30NH7QA4SDJ','2021-08-14 13:11:19.477755'),('01FD1DPS2TK142ME64P6BJ11JE','01FD1DPMV75DJ9ZARNWZN47W57','01FD1DPR8HR6RSET93ZZ0JGPH8','2021-08-14 13:11:19.534211'),('01FD1DPS3HNW3Q6VYP16FG3004','01FD1DPMTZ9PP8VSDC2CNX3FBX','01FD1DPR5FFR59D30NH7QA4SDJ','2021-08-14 13:11:19.550930'),('01FD1DPS3N8YQDXAA98X6EBZ8V','01FD1DPMV75DJ9ZARNWZN47W57','01FD1DPR62QEGQ4EPG2DQHFP67','2021-08-14 13:11:19.547324'),('01FD1DPS456R1GZCQ0BFPX7CWA','01FD1DPMZX82WV27GBPRBYB1CT','01FD1DPR9SCREQEY1QEQE8NP2Q','2021-08-14 13:11:19.567113'),('01FD1DPS5CNYB2F29Y6Y07BNRY','01FD1DPMTZ9PP8VSDC2CNX3FBX','01FD1DPR8HR6RSET93ZZ0JGPH8','2021-08-14 13:11:19.607733'),('01FD1DPS5KNAMMHGRBYYKGRDBH','01FD1DPMTZ9PP8VSDC2CNX3FBX','01FD1DPR62QEGQ4EPG2DQHFP67','2021-08-14 13:11:19.622236'),('01FD1DPS65C3Y6HTJC6DAPMMS2','01FD1DPMV75DJ9ZARNWZN47W57','01FD1DPR9SCREQEY1QEQE8NP2Q','2021-08-14 13:11:19.624956'),('01FD1DPS7MW6PEY4BHDEKVGMXB','01FD1DPMTZ9PP8VSDC2CNX3FBX','01FD1DPR9SCREQEY1QEQE8NP2Q','2021-08-14 13:11:19.675677'),('01FD1DPSC0DP13A5ZCRYQQQNQB','01FD1DPN58G49J26BV1XTYZRCX','01FD1DPS9V4SPPX3V42N02GB0X','2021-08-14 13:11:19.832212'),('01FD1DPSCE0F5N6QJCHR4VTC95','01FD1DPN58G49J26BV1XTYZRCX','01FD1DPS9RVX84Z35X91DG1ZTH','2021-08-14 13:11:19.844385'),('01FD1DPSFBXTNESPK17MEMF6RT','01FD1DPN58G49J26BV1XTYZRCX','01FD1DPSBRDSBNBQK7PTXSCTHA','2021-08-14 13:11:19.923978'),('01FD1DPSFMBY9ARFWHEEE1JVPW','01FD1DPN58G49J26BV1XTYZRCX','01FD1DPSBW61GW9E2ZY6KKFYDR','2021-08-14 13:11:19.943968'),('01FD1DPSFS7T6GQP0ZW5BW3H29','01FD1DPN4SYR7H55WAYX0MDBV5','01FD1DPS9V4SPPX3V42N02GB0X','2021-08-14 13:11:19.934799'),('01FD1DPSFYDWDSAT752D4QHCNE','01FD1DPN4SYR7H55WAYX0MDBV5','01FD1DPS9RVX84Z35X91DG1ZTH','2021-08-14 13:11:19.953694'),('01FD1DPSKTR5MR4PJ35ZR2SC1N','01FD1DPMZYMWJQMX45JH22H66D','01FD1DPS9V4SPPX3V42N02GB0X','2021-08-14 13:11:20.090823'),('01FD1DPSM258EM1B4P8AVHW652','01FD1DPN4SYR7H55WAYX0MDBV5','01FD1DPSBW61GW9E2ZY6KKFYDR','2021-08-14 13:11:20.072940'),('01FD1DPSPFX3VY544T9AG6DTY6','01FD1DPMZYMWJQMX45JH22H66D','01FD1DPS9RVX84Z35X91DG1ZTH','2021-08-14 13:11:20.168726'),('01FD1DPSQ6JM72CZYT33DGXTNN','01FD1DPN4SYR7H55WAYX0MDBV5','01FD1DPSBRDSBNBQK7PTXSCTHA','2021-08-14 13:11:20.183152'),('01FD1DPSS0X55S3NFBK8Y19C97','01FD1DPMZX82WV27GBPRBYB1CT','01FD1DPS9V4SPPX3V42N02GB0X','2021-08-14 13:11:20.232473'),('01FD1DPSSBJ2DAMMZ5CZY7M4PA','01FD1DPMZYMWJQMX45JH22H66D','01FD1DPSBW61GW9E2ZY6KKFYDR','2021-08-14 13:11:20.261371'),('01FD1DPSVVPFWY0XWD75CZEKS4','01FD1DPMZX82WV27GBPRBYB1CT','01FD1DPS9RVX84Z35X91DG1ZTH','2021-08-14 13:11:20.320884'),('01FD1DPSWDYQHT3PS9C7SFKTVS','01FD1DPMV75DJ9ZARNWZN47W57','01FD1DPS9V4SPPX3V42N02GB0X','2021-08-14 13:11:20.338073'),('01FD1DPSWDYQHT3PS9CB6Z71QV','01FD1DPMZYMWJQMX45JH22H66D','01FD1DPSBRDSBNBQK7PTXSCTHA','2021-08-14 13:11:20.347115'),('01FD1DPSXZCZNY0Q61FZ3543VM','01FD1DPMZX82WV27GBPRBYB1CT','01FD1DPSBW61GW9E2ZY6KKFYDR','2021-08-14 13:11:20.387323'),('01FD1DPSZ6YSEE4J5CGYWP8EN7','01FD1DPMTZ9PP8VSDC2CNX3FBX','01FD1DPS9V4SPPX3V42N02GB0X','2021-08-14 13:11:20.447102'),('01FD1DPSZZTHDKYMQ2NW10Z17K','01FD1DPMV75DJ9ZARNWZN47W57','01FD1DPS9RVX84Z35X91DG1ZTH','2021-08-14 13:11:20.462596'),('01FD1DPT0S92N5R0EYCDSEFYGJ','01FD1DPMZX82WV27GBPRBYB1CT','01FD1DPSBRDSBNBQK7PTXSCTHA','2021-08-14 13:11:20.479988'),('01FD1DPT19CVQBDJXCS05DGM7C','01FD1DPMV75DJ9ZARNWZN47W57','01FD1DPSBW61GW9E2ZY6KKFYDR','2021-08-14 13:11:20.505562'),('01FD1DPT2CX3W3S461ZT9YFJYX','01FD1DPMTZ9PP8VSDC2CNX3FBX','01FD1DPS9RVX84Z35X91DG1ZTH','2021-08-14 13:11:20.533170'),('01FD1DPT3242G6D0KQ6JQEXFGV','01FD1DPMV75DJ9ZARNWZN47W57','01FD1DPSBRDSBNBQK7PTXSCTHA','2021-08-14 13:11:20.551390'),('01FD1DPT65Q98FN02SRJ8ZYGVK','01FD1DPMTZ9PP8VSDC2CNX3FBX','01FD1DPSBW61GW9E2ZY6KKFYDR','2021-08-14 13:11:20.682626'),('01FD1DPT7PCH4212R8ZRPCJQ0Z','01FD1DPMTZ9PP8VSDC2CNX3FBX','01FD1DPSBRDSBNBQK7PTXSCTHA','2021-08-14 13:11:20.727419'),('01FD1DPT884QW0BCP1Z8BP07SH','01FD1DPN58G49J26BV1XTYZRCX','01FD1DPT3W9F4NY3TD5Z77AS6Q','2021-08-14 13:11:20.746611'),('01FD1DPTDYYN8M81QEVZ4GY0B1','01FD1DPN58G49J26BV1XTYZRCX','01FD1DPT7QGXDEZBY75Y9723ZS','2021-08-14 13:11:20.919191'),('01FD1DPTE553W310CG04YC55XS','01FD1DPN4SYR7H55WAYX0MDBV5','01FD1DPT3W9F4NY3TD5Z77AS6Q','2021-08-14 13:11:20.916103'),('01FD1DPTJKYAAVASWQ0JVM4F6A','01FD1DPN58G49J26BV1XTYZRCX','01FD1DPTC2QBB919EX8YK5XPHC','2021-08-14 13:11:21.047428'),('01FD1DPTKMTHQNA4RMTZ4WN2H3','01FD1DPN58G49J26BV1XTYZRCX','01FD1DPTDJQTD3GMB6X2VZPYDF','2021-08-14 13:11:21.080968'),('01FD1DPTMB9DDXT6WKP7JQ1V2F','01FD1DPMZYMWJQMX45JH22H66D','01FD1DPT3W9F4NY3TD5Z77AS6Q','2021-08-14 13:11:21.106094'),('01FD1DPTMRXDGRKGPQH47R0WW5','01FD1DPN4SYR7H55WAYX0MDBV5','01FD1DPT7QGXDEZBY75Y9723ZS','2021-08-14 13:11:21.118558'),('01FD1DPTNQBCEEAKCBGN2TPX20','01FD1DPN4SYR7H55WAYX0MDBV5','01FD1DPTC2QBB919EX8YK5XPHC','2021-08-14 13:11:21.155212'),('01FD1DPTQ4Z92SRA5D1N4VDXP8','01FD1DPN4SYR7H55WAYX0MDBV5','01FD1DPTDJQTD3GMB6X2VZPYDF','2021-08-14 13:11:21.191104'),('01FD1DPTR643AJ6X631MG3MSWT','01FD1DPMZX82WV27GBPRBYB1CT','01FD1DPT3W9F4NY3TD5Z77AS6Q','2021-08-14 13:11:21.227971'),('01FD1DPTRWJCCQ1Q45JA8F7JD3','01FD1DPMZYMWJQMX45JH22H66D','01FD1DPT7QGXDEZBY75Y9723ZS','2021-08-14 13:11:21.257241'),('01FD1DPTSSBM4RWR3EZEGCGEF8','01FD1DPMZYMWJQMX45JH22H66D','01FD1DPTDJQTD3GMB6X2VZPYDF','2021-08-14 13:11:21.277867'),('01FD1DPTTFHYZEX6N14MXX4WKX','01FD1DPMZYMWJQMX45JH22H66D','01FD1DPTC2QBB919EX8YK5XPHC','2021-08-14 13:11:21.301491'),('01FD1DPTVT6ZCNRZNNNEC55YFX','01FD1DPMV75DJ9ZARNWZN47W57','01FD1DPT3W9F4NY3TD5Z77AS6Q','2021-08-14 13:11:21.344253'),('01FD1DPTW6Y4W46YE3R0QFWVAB','01FD1DPMZX82WV27GBPRBYB1CT','01FD1DPT7QGXDEZBY75Y9723ZS','2021-08-14 13:11:21.360532'),('01FD1DPTXD5JTWYX83G0WGS4VF','01FD1DPMZX82WV27GBPRBYB1CT','01FD1DPTC2QBB919EX8YK5XPHC','2021-08-14 13:11:21.400446'),('01FD1DPTXSNJ6Y61VE0EJGJS93','01FD1DPMZX82WV27GBPRBYB1CT','01FD1DPTDJQTD3GMB6X2VZPYDF','2021-08-14 13:11:21.445554'),('01FD1DPTZSD7V5B0VCTJEYEDDP','01FD1DPMV75DJ9ZARNWZN47W57','01FD1DPT7QGXDEZBY75Y9723ZS','2021-08-14 13:11:21.474009'),('01FD1DPV04T0ES93RWB2XJJV3Z','01FD1DPMTZ9PP8VSDC2CNX3FBX','01FD1DPT3W9F4NY3TD5Z77AS6Q','2021-08-14 13:11:21.486647'),('01FD1DPV1X5S1006MBJV0YC4Q1','01FD1DPMV75DJ9ZARNWZN47W57','01FD1DPTC2QBB919EX8YK5XPHC','2021-08-14 13:11:21.537319'),('01FD1DPV22CKYNWXSVNM0CWT7R','01FD1DPMV75DJ9ZARNWZN47W57','01FD1DPTDJQTD3GMB6X2VZPYDF','2021-08-14 13:11:21.558955'),('01FD1DPV2QFGV59X6J23BS9KE5','01FD1DPMTZ9PP8VSDC2CNX3FBX','01FD1DPT7QGXDEZBY75Y9723ZS','2021-08-14 13:11:21.568321'),('01FD1DPV47AW17KGZC9D7G0866','01FD1DPMTZ9PP8VSDC2CNX3FBX','01FD1DPTC2QBB919EX8YK5XPHC','2021-08-14 13:11:21.633508'),('01FD1DPV53PZ2HWRET1NTQBFJ8','01FD1DPMTZ9PP8VSDC2CNX3FBX','01FD1DPTDJQTD3GMB6X2VZPYDF','2021-08-14 13:11:21.646867'),('01FD1DPV6YHJZ7C43DGT5WPMEC','01FD1DPN58G49J26BV1XTYZRCX','01FD1DPV4HQ54RYW8ZES7TE217','2021-08-14 13:11:21.697922'),('01FD1DPVAG8Z3RN7FEDKWTG9GS','01FD1DPN4SYR7H55WAYX0MDBV5','01FD1DPV4HQ54RYW8ZES7TE217','2021-08-14 13:11:21.850306'),('01FD1DPVBAC9B3ADAE2NRX8PJR','01FD1DPN58G49J26BV1XTYZRCX','01FD1DPV6R5YFYSBHPMBSCE5JT','2021-08-14 13:11:21.907512'),('01FD1DPVYSX5HN4BH2JNM8GSP3','01FD1DPN58G49J26BV1XTYZRCX','01FD1DPV8Z5QAZXGRSKZH58SA2','2021-08-14 13:11:22.471051'),('01FD1DPVZ3256QN4EZ63DCFRWK','01FD1DPN58G49J26BV1XTYZRCX','01FD1DPVAG8Z3RN7FEDG0T5MV7','2021-08-14 13:11:22.911133'),('01FD1DPVZA38EDZXHP8JPYSMK1','01FD1DPMZYMWJQMX45JH22H66D','01FD1DPV4HQ54RYW8ZES7TE217','2021-08-14 13:11:22.476797'),('01FD1DPVZTW0R3KWRSDNA25V26','01FD1DPN4SYR7H55WAYX0MDBV5','01FD1DPV6R5YFYSBHPMBSCE5JT','2021-08-14 13:11:22.493507'),('01FD1DPWFGBGDGZAA5DJKESWSX','01FD1DPMZX82WV27GBPRBYB1CT','01FD1DPV4HQ54RYW8ZES7TE217','2021-08-14 13:11:23.005431'),('01FD1DPWFKKBT0GV64D3WJZ01N','01FD1DPMZYMWJQMX45JH22H66D','01FD1DPV6R5YFYSBHPMBSCE5JT','2021-08-14 13:11:22.999126'),('01FD1DPWG28RZ0601S98BR0G4R','01FD1DPN4SYR7H55WAYX0MDBV5','01FD1DPVAG8Z3RN7FEDG0T5MV7','2021-08-14 13:11:23.022870'),('01FD1DPWGC25AGCAMRX5E64NHZ','01FD1DPN4SYR7H55WAYX0MDBV5','01FD1DPV8Z5QAZXGRSKZH58SA2','2021-08-14 13:11:23.043030'),('01FD1DPWKE5FGRXW7HVY8F57P7','01FD1DPMV75DJ9ZARNWZN47W57','01FD1DPV4HQ54RYW8ZES7TE217','2021-08-14 13:11:23.124183'),('01FD1DPWKR6QCJW3HVBYP8BNB4','01FD1DPMZX82WV27GBPRBYB1CT','01FD1DPV6R5YFYSBHPMBSCE5JT','2021-08-14 13:11:23.141141'),('01FD1DPWM8RYBWMQGNE61PR8SP','01FD1DPMZYMWJQMX45JH22H66D','01FD1DPV8Z5QAZXGRSKZH58SA2','2021-08-14 13:11:23.149612'),('01FD1DPWMMN6T8PJYSFVVGFDCT','01FD1DPMZYMWJQMX45JH22H66D','01FD1DPVAG8Z3RN7FEDG0T5MV7','2021-08-14 13:11:23.186493'),('01FD1DPWQ20R9ARP745QZ0GNY9','01FD1DPMTZ9PP8VSDC2CNX3FBX','01FD1DPV4HQ54RYW8ZES7TE217','2021-08-14 13:11:23.250671'),('01FD1DPWQDR3T5TTQKKB7GM7KB','01FD1DPMV75DJ9ZARNWZN47W57','01FD1DPV6R5YFYSBHPMBSCE5JT','2021-08-14 13:11:23.259890'),('01FD1DPWRH9PZYR5BVMV21310N','01FD1DPMZX82WV27GBPRBYB1CT','01FD1DPVAG8Z3RN7FEDG0T5MV7','2021-08-14 13:11:23.290228'),('01FD1DPWRM1QTZFFRRWMCPP7BW','01FD1DPMZX82WV27GBPRBYB1CT','01FD1DPV8Z5QAZXGRSKZH58SA2','2021-08-14 13:11:23.302002'),('01FD1DPWVF7TQZH56VV5XRYPNZ','01FD1DPMTZ9PP8VSDC2CNX3FBX','01FD1DPV6R5YFYSBHPMBSCE5JT','2021-08-14 13:11:23.381263'),('01FD1DPWWCMHC5W2HXYQPSVDF7','01FD1DPMV75DJ9ZARNWZN47W57','01FD1DPV8Z5QAZXGRSKZH58SA2','2021-08-14 13:11:23.414315'),('01FD1DPWY75G5QCA6Y9VP8TQA5','01FD1DPMV75DJ9ZARNWZN47W57','01FD1DPVAG8Z3RN7FEDG0T5MV7','2021-08-14 13:11:23.467203'),('01FD1DPX0EE58NNADN6WMPFE9Q','01FD1DPMTZ9PP8VSDC2CNX3FBX','01FD1DPV8Z5QAZXGRSKZH58SA2','2021-08-14 13:11:23.539711'),('01FD1DPX18XKXXPB6SDBSGKGP7','01FD1DPN58G49J26BV1XTYZRCX','01FD1DPWVAV54A33VPMME0P58Z','2021-08-14 13:11:23.570661'),('01FD1DPX25ZSTD4V9HGNK04HSK','01FD1DPMTZ9PP8VSDC2CNX3FBX','01FD1DPVAG8Z3RN7FEDG0T5MV7','2021-08-14 13:11:23.593369'),('01FD1DPX39T72GZXTBS0CYQ3S2','01FD1DPN58G49J26BV1XTYZRCX','01FD1DPWZFP3RB65NC41R93GWT','2021-08-14 13:11:23.630456'),('01FD1DPX4GH04GWGJ53TJ9BASM','01FD1DPN4SYR7H55WAYX0MDBV5','01FD1DPWVAV54A33VPMME0P58Z','2021-08-14 13:11:23.675826'),('01FD1DPX8GMXQPBC0TH9FEN2QK','01FD1DPN4SYR7H55WAYX0MDBV5','01FD1DPWZFP3RB65NC41R93GWT','2021-08-14 13:11:23.798689'),('01FD1DPX9869YB1TM2QADFVEJN','01FD1DPMZYMWJQMX45JH22H66D','01FD1DPWVAV54A33VPMME0P58Z','2021-08-14 13:11:23.838206'),('01FD1DPX9B92K997WWEV9G30BJ','01FD1DPN58G49J26BV1XTYZRCX','01FD1DPX49MBD3B453SJ50P1VD','2021-08-14 13:11:23.826071'),('01FD1DPX9QRMFABJC9EY3F50WF','01FD1DPN58G49J26BV1XTYZRCX','01FD1DPX63JG5CW52WJ5TGKK24','2021-08-14 13:11:23.846310'),('01FD1DPXDAX1DRTRADX9VKJDS5','01FD1DPMZYMWJQMX45JH22H66D','01FD1DPWZFP3RB65NC41R93GWT','2021-08-14 13:11:23.957412'),('01FD1DPXDDCPZ3SYA3Z3T5ZDBD','01FD1DPN4SYR7H55WAYX0MDBV5','01FD1DPX63JG5CW52WJ5TGKK24','2021-08-14 13:11:23.954471'),('01FD1DPXDRM2234TJEPKEZB5X3','01FD1DPN4SYR7H55WAYX0MDBV5','01FD1DPX49MBD3B453SJ50P1VD','2021-08-14 13:11:23.965858'),('01FD1DPXE0GD78HY87ZVHEEKV6','01FD1DPMZX82WV27GBPRBYB1CT','01FD1DPWVAV54A33VPMME0P58Z','2021-08-14 13:11:23.980927'),('01FD1DPXHM1R1EENA6JG3JSK8S','01FD1DPMZYMWJQMX45JH22H66D','01FD1DPX63JG5CW52WJ5TGKK24','2021-08-14 13:11:24.097790'),('01FD1DPXJAGBREA7Z0GYCC6EWX','01FD1DPMZX82WV27GBPRBYB1CT','01FD1DPWZFP3RB65NC41R93GWT','2021-08-14 13:11:24.125074'),('01FD1DPXJV9BYEN94RJ65QHHC9','01FD1DPMV75DJ9ZARNWZN47W57','01FD1DPWVAV54A33VPMME0P58Z','2021-08-14 13:11:24.129740'),('01FD1DPXK3XXA08C5KNWMEZZ1P','01FD1DPMZYMWJQMX45JH22H66D','01FD1DPX49MBD3B453SJ50P1VD','2021-08-14 13:11:24.148694'),('01FD1DPXNRFQXGSC6GNQX8Y68T','01FD1DPMZX82WV27GBPRBYB1CT','01FD1DPX63JG5CW52WJ5TGKK24','2021-08-14 13:11:24.227407'),('01FD1DPXQ2B49SWSYWDZVJH2PX','01FD1DPMTZ9PP8VSDC2CNX3FBX','01FD1DPWVAV54A33VPMME0P58Z','2021-08-14 13:11:24.263240'),('01FD1DPXQEC012GJXNM56ZPTXR','01FD1DPMZX82WV27GBPRBYB1CT','01FD1DPX49MBD3B453SJ50P1VD','2021-08-14 13:11:24.276716'),('01FD1DPXQQYK6JSAMQ734DB8XM','01FD1DPMV75DJ9ZARNWZN47W57','01FD1DPWZFP3RB65NC41R93GWT','2021-08-14 13:11:24.291364'),('01FD1DPXS38C3FAYT8RNWE63BH','01FD1DPMV75DJ9ZARNWZN47W57','01FD1DPX63JG5CW52WJ5TGKK24','2021-08-14 13:11:24.327392'),('01FD1DPYAGNCF6ZV699R09BSMG','01FD1DPMTZ9PP8VSDC2CNX3FBX','01FD1DPWZFP3RB65NC41R93GWT','2021-08-14 13:11:24.913564'),('01FD1DPYAGNCF6ZV699S7MCVVT','01FD1DPMV75DJ9ZARNWZN47W57','01FD1DPX49MBD3B453SJ50P1VD','2021-08-14 13:11:24.914918'),('01FD1DPYAM7V1Q33NVQBTQT5K2','01FD1DPMTZ9PP8VSDC2CNX3FBX','01FD1DPX63JG5CW52WJ5TGKK24','2021-08-14 13:11:24.926901'),('01FD1DPYE8G24KEFSVH5M4W30R','01FD1DPN58G49J26BV1XTYZRCX','01FD1DPXV8EBMSEG3QSR3G9GQZ','2021-08-14 13:11:25.057813'),('01FD1DPYGC1XHF6WP1950EAVDW','01FD1DPMTZ9PP8VSDC2CNX3FBX','01FD1DPX49MBD3B453SJ50P1VD','2021-08-14 13:11:25.073528'),('01FD1DPYPMZB7M2AENFPT9B00B','01FD1DPN4SYR7H55WAYX0MDBV5','01FD1DPXV8EBMSEG3QSR3G9GQZ','2021-08-14 13:11:25.278870'),('01FD1DPYT3XDJ9V2H4R106DEHS','01FD1DPN58G49J26BV1XTYZRCX','01FD1DPYH3B6BVYRNA0RNXPXFH','2021-08-14 13:11:25.391093'),('01FD1DPYWNAEWWDC8YZA5BQGF6','01FD1DPN58G49J26BV1XTYZRCX','01FD1DPYHB7M1ZZ7M0SKD1KENA','2021-08-14 13:11:25.470722'),('01FD1DPYWS1A6VZ45QTNEFN2AF','01FD1DPN58G49J26BV1XTYZRCX','01FD1DPYNCZ9BEJ1X0C5AQ48JJ','2021-08-14 13:11:25.480852'),('01FD1DPYX2ASHWQERFD5BTDVZC','01FD1DPMZYMWJQMX45JH22H66D','01FD1DPXV8EBMSEG3QSR3G9GQZ','2021-08-14 13:11:25.486213'),('01FD1DPYYYD661BT830ECHQMC2','01FD1DPN4SYR7H55WAYX0MDBV5','01FD1DPYH3B6BVYRNA0RNXPXFH','2021-08-14 13:11:25.539666'),('01FD1DPZ0WQ5N1P8W086CQ1WD6','01FD1DPN4SYR7H55WAYX0MDBV5','01FD1DPYHB7M1ZZ7M0SKD1KENA','2021-08-14 13:11:25.611669'),('01FD1DPZ19NJYN0Z1VF5F0EMFG','01FD1DPMZX82WV27GBPRBYB1CT','01FD1DPXV8EBMSEG3QSR3G9GQZ','2021-08-14 13:11:25.620759'),('01FD1DPZ1MRN6WY5D5EQPHV1NC','01FD1DPN4SYR7H55WAYX0MDBV5','01FD1DPYNCZ9BEJ1X0C5AQ48JJ','2021-08-14 13:11:25.627368'),('01FD1DPZ3Q8SVDR7N1XZ0TJTCQ','01FD1DPMZYMWJQMX45JH22H66D','01FD1DPYH3B6BVYRNA0RNXPXFH','2021-08-14 13:11:25.693894'),('01FD1DPZ5NJG31D8TZPN6VZSRC','01FD1DPMZYMWJQMX45JH22H66D','01FD1DPYHB7M1ZZ7M0SKD1KENA','2021-08-14 13:11:25.752355'),('01FD1DPZ5PP3BNVNNW3TTXXFCW','01FD1DPMV75DJ9ZARNWZN47W57','01FD1DPXV8EBMSEG3QSR3G9GQZ','2021-08-14 13:11:25.759975'),('01FD1DPZ6DJDQQ9CH65JX58XQ2','01FD1DPMZYMWJQMX45JH22H66D','01FD1DPYNCZ9BEJ1X0C5AQ48JJ','2021-08-14 13:11:25.787377'),('01FD1DPZ8R0WXZKKR3Z7QWCDR0','01FD1DPMZX82WV27GBPRBYB1CT','01FD1DPYH3B6BVYRNA0RNXPXFH','2021-08-14 13:11:25.853549'),('01FD1DPZAKAQQJA808Z7RCYG8R','01FD1DPMTZ9PP8VSDC2CNX3FBX','01FD1DPXV8EBMSEG3QSR3G9GQZ','2021-08-14 13:11:25.918774'),('01FD1DPZAYSXSRHFWXB70S4J1M','01FD1DPMZX82WV27GBPRBYB1CT','01FD1DPYHB7M1ZZ7M0SKD1KENA','2021-08-14 13:11:25.933240'),('01FD1DPZBGJH6GY4NVRE0X5RA0','01FD1DPMZX82WV27GBPRBYB1CT','01FD1DPYNCZ9BEJ1X0C5AQ48JJ','2021-08-14 13:11:25.945269'),('01FD1DPZD4QFJSX9BMR5CVHK8G','01FD1DPMV75DJ9ZARNWZN47W57','01FD1DPYH3B6BVYRNA0RNXPXFH','2021-08-14 13:11:25.992319'),('01FD1DPZFA1JKGBG0SRP2FF6GH','01FD1DPMV75DJ9ZARNWZN47W57','01FD1DPYNCZ9BEJ1X0C5AQ48JJ','2021-08-14 13:11:26.070972'),('01FD1DPZGY2JMXB2X3QD8QDC67','01FD1DPMV75DJ9ZARNWZN47W57','01FD1DPYHB7M1ZZ7M0SKD1KENA','2021-08-14 13:11:26.113900'),('01FD1DPZJZH20FNX16GEHWANV7','01FD1DPMTZ9PP8VSDC2CNX3FBX','01FD1DPYH3B6BVYRNA0RNXPXFH','2021-08-14 13:11:26.188024'),('01FD1DPZM7ZA7E7FWQECRPAGJW','01FD1DPN58G49J26BV1XTYZRCX','01FD1DPZEX0QK7FT3Y74SVXNGC','2021-08-14 13:11:26.222818'),('01FD1DPZM9AM6PAFM1MJRQ51GB','01FD1DPMTZ9PP8VSDC2CNX3FBX','01FD1DPYNCZ9BEJ1X0C5AQ48JJ','2021-08-14 13:11:26.579117'),('01FD1DPZMH8V6ZTAKK1GE70BVW','01FD1DPMTZ9PP8VSDC2CNX3FBX','01FD1DPYHB7M1ZZ7M0SKD1KENA','2021-08-14 13:11:26.592202'),('01FD1DQ01AW7S1QWJF6PWS39JZ','01FD1DPN4SYR7H55WAYX0MDBV5','01FD1DPZEX0QK7FT3Y74SVXNGC','2021-08-14 13:11:26.637312'),('01FD1DQ05KXC7NT38MZ323YWYW','01FD1DPMZYMWJQMX45JH22H66D','01FD1DPZEX0QK7FT3Y74SVXNGC','2021-08-14 13:11:26.776865'),('01FD1DQ083QZZMFK3SGCS3XWE5','01FD1DPN58G49J26BV1XTYZRCX','01FD1DQ03X6QBZA77XT9EBGS8Z','2021-08-14 13:11:26.862860'),('01FD1DQ08TNRAJK92ADJSHXHMF','01FD1DPN58G49J26BV1XTYZRCX','01FD1DQ02XGJ22C9GFRE31J6CH','2021-08-14 13:11:26.892124'),('01FD1DQ08W0FN83SDQAQ9062YE','01FD1DPN58G49J26BV1XTYZRCX','01FD1DQ03F6YW6PW4173S8CM33','2021-08-14 13:11:26.880393'),('01FD1DQ0BRR5P02PQ050G8ZGXS','01FD1DPMZX82WV27GBPRBYB1CT','01FD1DPZEX0QK7FT3Y74SVXNGC','2021-08-14 13:11:26.988674'),('01FD1DQ0CPS9XRSHVYEPDATBCC','01FD1DPN4SYR7H55WAYX0MDBV5','01FD1DQ03X6QBZA77XT9EBGS8Z','2021-08-14 13:11:27.006735'),('01FD1DQ0ED5VFA2A8BB5NTSAN0','01FD1DPN4SYR7H55WAYX0MDBV5','01FD1DQ03F6YW6PW4173S8CM33','2021-08-14 13:11:27.056480'),('01FD1DQ0EKC271YRMNK9Y2PPJW','01FD1DPN4SYR7H55WAYX0MDBV5','01FD1DQ02XGJ22C9GFRE31J6CH','2021-08-14 13:11:27.067799'),('01FD1DQ0HTYAN8SS3QYNHXTDKH','01FD1DPMZYMWJQMX45JH22H66D','01FD1DQ03X6QBZA77XT9EBGS8Z','2021-08-14 13:11:27.165772'),('01FD1DQ0J2QX5P6XX07C3C9Q2J','01FD1DPMV75DJ9ZARNWZN47W57','01FD1DPZEX0QK7FT3Y74SVXNGC','2021-08-14 13:11:27.183839'),('01FD1DQ0KDR6J3BTM3DDC1XN6G','01FD1DPMZYMWJQMX45JH22H66D','01FD1DQ03F6YW6PW4173S8CM33','2021-08-14 13:11:27.229592'),('01FD1DQ0MG6GSECGFRJ3MANDPX','01FD1DPMZYMWJQMX45JH22H66D','01FD1DQ02XGJ22C9GFRE31J6CH','2021-08-14 13:11:27.255286'),('01FD1DQ0PQKN1AQ9GC52GJP08K','01FD1DPMTZ9PP8VSDC2CNX3FBX','01FD1DPZEX0QK7FT3Y74SVXNGC','2021-08-14 13:11:27.330220'),('01FD1DQ0Q79PEWZ1DF7GJ2MQEW','01FD1DPMZX82WV27GBPRBYB1CT','01FD1DQ03X6QBZA77XT9EBGS8Z','2021-08-14 13:11:27.349103'),('01FD1DQ0RHSFYA7KRRZD160M01','01FD1DPMZX82WV27GBPRBYB1CT','01FD1DQ03F6YW6PW4173S8CM33','2021-08-14 13:11:27.381070'),('01FD1DQ0T62CVNSBGJ0K28G5ZM','01FD1DPMZX82WV27GBPRBYB1CT','01FD1DQ02XGJ22C9GFRE31J6CH','2021-08-14 13:11:27.443406'),('01FD1DQ0VXP9C190EY8PSQE84Q','01FD1DQ0BFBXHEJ2VYV5F6YG97','01FD1DQ0TXPJS8H0AJM7KGB6VH','2021-08-14 13:11:27.490774'),('01FD1DQ0X8HD2NSDJ0AWVXQRXW','01FD1DPMV75DJ9ZARNWZN47W57','01FD1DQ03X6QBZA77XT9EBGS8Z','2021-08-14 13:11:27.539691'),('01FD1DQ0XZA0SFQ324FA2KK3P3','01FD1DPMV75DJ9ZARNWZN47W57','01FD1DQ03F6YW6PW4173S8CM33','2021-08-14 13:11:27.558544'),('01FD1DQ100B9C9FF1CN946341R','01FD1DPMV75DJ9ZARNWZN47W57','01FD1DQ02XGJ22C9GFRE31J6CH','2021-08-14 13:11:27.620952'),('01FD1DQ10NS45N467EZDBB2FMX','01FD1DPN4SYR7H55WAYX0MDBV5','01FD1DQ0TXPJS8H0AJM7KGB6VH','2021-08-14 13:11:27.641846'),('01FD1DQ17DJ0YRGTD5G0GQY4E7','01FD1DPMTZ9PP8VSDC2CNX3FBX','01FD1DQ03F6YW6PW4173S8CM33','2021-08-14 13:11:27.858437'),('01FD1DQ184FTKB935734BB79ZW','01FD1DPMTZ9PP8VSDC2CNX3FBX','01FD1DQ03X6QBZA77XT9EBGS8Z','2021-08-14 13:11:27.964999'),('01FD1DQ192F0JYPGA97Q00YF7V','01FD1DPMTZ9PP8VSDC2CNX3FBX','01FD1DQ02XGJ22C9GFRE31J6CH','2021-08-14 13:11:27.973621'),('01FD1DQ1CYPBR1JE2RBHCZKE6S','01FD1DPMZYMWJQMX45JH22H66D','01FD1DQ0TXPJS8H0AJM7KGB6VH','2021-08-14 13:11:28.032540'),('01FD1DQ1G44H0QAA88H423BAW9','01FD1DQ0BFBXHEJ2VYV5F6YG97','01FD1DQ1ETNG767Q4HJG72M1KG','2021-08-14 13:11:28.152556'),('01FD1DQ1G5KKZ9DMPA6N4C7TYD','01FD1DQ0BFBXHEJ2VYV5F6YG97','01FD1DQ1ECM0DWA9MW8DE6KRYD','2021-08-14 13:11:28.139405'),('01FD1DQ1GBZGEGRAKWJFAHV90J','01FD1DQ0BFBXHEJ2VYV5F6YG97','01FD1DQ1F1R1VV87EE0SQQ6W27','2021-08-14 13:11:28.163901'),('01FD1DQ1HM2H4RP5902KT2FXRH','01FD1DPMZX82WV27GBPRBYB1CT','01FD1DQ0TXPJS8H0AJM7KGB6VH','2021-08-14 13:11:28.183532'),('01FD1DQ1NX02BK7PYSR4K6BX5P','01FD1DPN4SYR7H55WAYX0MDBV5','01FD1DQ1F1R1VV87EE0SQQ6W27','2021-08-14 13:11:28.326573'),('01FD1DQ1P0SAVKQ0S0NTFX7SHN','01FD1DPN4SYR7H55WAYX0MDBV5','01FD1DQ1ETNG767Q4HJG72M1KG','2021-08-14 13:11:28.343480'),('01FD1DQ1P0SAVKQ0S0NYEFBVA7','01FD1DPN4SYR7H55WAYX0MDBV5','01FD1DQ1ECM0DWA9MW8DE6KRYD','2021-08-14 13:11:28.355805'),('01FD1DQ1PEMRND7XBA2KJYCRXT','01FD1DPMV75DJ9ZARNWZN47W57','01FD1DQ0TXPJS8H0AJM7KGB6VH','2021-08-14 13:11:28.343747'),('01FD1DQ1VW7XHYE9PEK67WXJ79','01FD1DPMZYMWJQMX45JH22H66D','01FD1DQ1ECM0DWA9MW8DE6KRYD','2021-08-14 13:11:28.511945'),('01FD1DQ1WTK2A8MKS1CQ719WWT','01FD1DPMZYMWJQMX45JH22H66D','01FD1DQ1F1R1VV87EE0SQQ6W27','2021-08-14 13:11:28.544581'),('01FD1DQ1WVX89FQMFZHVQYMYHY','01FD1DPMTZ9PP8VSDC2CNX3FBX','01FD1DQ0TXPJS8H0AJM7KGB6VH','2021-08-14 13:11:28.544482'),('01FD1DQ1WVX89FQMFZHXDMFV2B','01FD1DPMZYMWJQMX45JH22H66D','01FD1DQ1ETNG767Q4HJG72M1KG','2021-08-14 13:11:28.556560'),('01FD1DQ1ZH35F4G44RRZT0MPYB','01FD1DPMZX82WV27GBPRBYB1CT','01FD1DQ1ECM0DWA9MW8DE6KRYD','2021-08-14 13:11:28.633484'),('01FD1DQ21CYWM7D6KA6F0QQGVQ','01FD1DPMZX82WV27GBPRBYB1CT','01FD1DQ1F1R1VV87EE0SQQ6W27','2021-08-14 13:11:28.717883'),('01FD1DQ22056VG6FFSGPK96DDK','01FD1DQ0BFBXHEJ2VYV5F6YG97','01FD1DQ20RE6MNKB0M6CSPJJZE','2021-08-14 13:11:28.710184'),('01FD1DQ22ECNP2KHDXMVM54QN2','01FD1DPMZX82WV27GBPRBYB1CT','01FD1DQ1ETNG767Q4HJG72M1KG','2021-08-14 13:11:28.735254'),('01FD1DQ26DE5Y6XPVEZVSYD8AK','01FD1DPMV75DJ9ZARNWZN47W57','01FD1DQ1ECM0DWA9MW8DE6KRYD','2021-08-14 13:11:28.856553'),('01FD1DQ27HWD0A3EEFBDYWWH73','01FD1DPMV75DJ9ZARNWZN47W57','01FD1DQ1F1R1VV87EE0SQQ6W27','2021-08-14 13:11:28.904030'),('01FD1DQ27R8458KR5ZN5WFB9Q3','01FD1DPN4SYR7H55WAYX0MDBV5','01FD1DQ20RE6MNKB0M6CSPJJZE','2021-08-14 13:11:28.892111'),('01FD1DQ280H0M71AHPQN0QQH8F','01FD1DPMV75DJ9ZARNWZN47W57','01FD1DQ1ETNG767Q4HJG72M1KG','2021-08-14 13:11:28.916790'),('01FD1DQ2C9JWW6QX95PH79J5QX','01FD1DPMTZ9PP8VSDC2CNX3FBX','01FD1DQ1ECM0DWA9MW8DE6KRYD','2021-08-14 13:11:29.037394'),('01FD1DQ2CXM2M39EZFFND0ZKKT','01FD1DPMTZ9PP8VSDC2CNX3FBX','01FD1DQ1F1R1VV87EE0SQQ6W27','2021-08-14 13:11:29.057712'),('01FD1DQ2D9RZ3T3H3Q6ZK3ESBV','01FD1DPMZYMWJQMX45JH22H66D','01FD1DQ20RE6MNKB0M6CSPJJZE','2021-08-14 13:11:29.073388'),('01FD1DQ2DSCM200B9RWMGGF0X7','01FD1DPMTZ9PP8VSDC2CNX3FBX','01FD1DQ1ETNG767Q4HJG72M1KG','2021-08-14 13:11:29.087893'),('01FD1DQ2FPPPXH6JBS2ZSYD024','01FD1DPMZX82WV27GBPRBYB1CT','01FD1DQ20RE6MNKB0M6CSPJJZE','2021-08-14 13:11:29.146887'),('01FD1DQ2HZ3QN726GSAC981757','01FD1DQ0BFBXHEJ2VYV5F6YG97','01FD1DQ2G3RQ2C1VC4746PG7T0','2021-08-14 13:11:29.235935'),('01FD1DQ2JGG5FJ32SN32JMR1AG','01FD1DQ0BFBXHEJ2VYV5F6YG97','01FD1DQ2H0QEY0DY3PQPWT39M0','2021-08-14 13:11:29.248135'),('01FD1DQ2K62JH1WYZJSXRNM1T3','01FD1DQ0BFBXHEJ2VYV5F6YG97','01FD1DQ2HP3N41G4HM01KFVCYH','2021-08-14 13:11:29.264253'),('01FD1DQ2PB7CTDVRFJDS8ZKT8D','01FD1DPMV75DJ9ZARNWZN47W57','01FD1DQ20RE6MNKB0M6CSPJJZE','2021-08-14 13:11:29.367089'),('01FD1DQ2QV00HM8PM7AMQ1K02A','01FD1DPN4SYR7H55WAYX0MDBV5','01FD1DQ2H0QEY0DY3PQPWT39M0','2021-08-14 13:11:29.451110'),('01FD1DQ2QY9MQN15YMHVDTX1KP','01FD1DPN4SYR7H55WAYX0MDBV5','01FD1DQ2G3RQ2C1VC4746PG7T0','2021-08-14 13:11:29.432017'),('01FD1DQ2SXH7855QKEZEWB8BBH','01FD1DPN4SYR7H55WAYX0MDBV5','01FD1DQ2HP3N41G4HM01KFVCYH','2021-08-14 13:11:29.475039'),('01FD1DQ2X86G7RRFTAD7HYFQ4S','01FD1DPMTZ9PP8VSDC2CNX3FBX','01FD1DQ20RE6MNKB0M6CSPJJZE','2021-08-14 13:11:29.587813'),('01FD1DQ2YEKWYHJJJ3GD34CWW5','01FD1DPMZYMWJQMX45JH22H66D','01FD1DQ2H0QEY0DY3PQPWT39M0','2021-08-14 13:11:29.623224'),('01FD1DQ2YMSD1BYW02H99FAQ84','01FD1DPMZYMWJQMX45JH22H66D','01FD1DQ2G3RQ2C1VC4746PG7T0','2021-08-14 13:11:29.640352'),('01FD1DQ2Z4R0XJMNVAA4ZRH5W9','01FD1DPMZYMWJQMX45JH22H66D','01FD1DQ2HP3N41G4HM01KFVCYH','2021-08-14 13:11:29.653371'),('01FD1DQ33CXEDCBGFWF3V286QD','01FD1DQ0BFBXHEJ2VYV5F6YG97','01FD1DQ31JZEGDXGVQ4X50QHZZ','2021-08-14 13:11:29.798124'),('01FD1DQ34MKB28WYP1RM4ZTZFG','01FD1DPMZX82WV27GBPRBYB1CT','01FD1DQ2H0QEY0DY3PQPWT39M0','2021-08-14 13:11:29.821679'),('01FD1DQ357542ANECDJGDE43HJ','01FD1DPMZX82WV27GBPRBYB1CT','01FD1DQ2G3RQ2C1VC4746PG7T0','2021-08-14 13:11:29.853748'),('01FD1DQ365XVE33F3XBDSS1X0Z','01FD1DPMZX82WV27GBPRBYB1CT','01FD1DQ2HP3N41G4HM01KFVCYH','2021-08-14 13:11:29.877275'),('01FD1DQ39K18R4PJF5QGBJPXWX','01FD1DPN4SYR7H55WAYX0MDBV5','01FD1DQ31JZEGDXGVQ4X50QHZZ','2021-08-14 13:11:29.981400'),('01FD1DQ3A55MX839DGGB1PN8PA','01FD1DPMV75DJ9ZARNWZN47W57','01FD1DQ2H0QEY0DY3PQPWT39M0','2021-08-14 13:11:29.996115'),('01FD1DQ3C391DQDQ1E5AKBZT0D','01FD1DPMV75DJ9ZARNWZN47W57','01FD1DQ2G3RQ2C1VC4746PG7T0','2021-08-14 13:11:30.060234'),('01FD1DQ3C48BAPKHEYGVHDM47Y','01FD1DPMV75DJ9ZARNWZN47W57','01FD1DQ2HP3N41G4HM01KFVCYH','2021-08-14 13:11:30.078537'),('01FD1DQ3F31V9Y4PWX6P9F9VG6','01FD1DPMTZ9PP8VSDC2CNX3FBX','01FD1DQ2H0QEY0DY3PQPWT39M0','2021-08-14 13:11:30.168796'),('01FD1DQ3G0E4CZ6R9K7V7WZJD0','01FD1DPMZYMWJQMX45JH22H66D','01FD1DQ31JZEGDXGVQ4X50QHZZ','2021-08-14 13:11:30.184080'),('01FD1DQ3HMFDGVF4Y9Y36DG6D3','01FD1DPMTZ9PP8VSDC2CNX3FBX','01FD1DQ2HP3N41G4HM01KFVCYH','2021-08-14 13:11:30.234257'),('01FD1DQ3HQTYW06Y2XVDRVTWRE','01FD1DPMTZ9PP8VSDC2CNX3FBX','01FD1DQ2G3RQ2C1VC4746PG7T0','2021-08-14 13:11:30.246960'),('01FD1DQ3M245M14FN232FQR35K','01FD1DPMZX82WV27GBPRBYB1CT','01FD1DQ31JZEGDXGVQ4X50QHZZ','2021-08-14 13:11:30.646877'),('01FD1DQ4GCYFSHCY6A9E8TTA5F','01FD1DQ0BFBXHEJ2VYV5F6YG97','01FD1DQ3ZAYKB2VNTTFD3A2BMA','2021-08-14 13:11:31.217489'),('01FD1DQ4GY6N9HT8NXPVG3RY4E','01FD1DQ0BFBXHEJ2VYV5F6YG97','01FD1DQ3ZF8VYS58SE19YDKNWH','2021-08-14 13:11:31.236844'),('01FD1DQ4MGKBH6Z9Z022XE4206','01FD1DQ0BFBXHEJ2VYV5F6YG97','01FD1DQ4K0MNC6915YTWB68ZV7','2021-08-14 13:11:31.354561'),('01FD1DQ4MSPFXMJCM9KAMF091W','01FD1DPMV75DJ9ZARNWZN47W57','01FD1DQ31JZEGDXGVQ4X50QHZZ','2021-08-14 13:11:31.357501'),('01FD1DQ4NJ00PGSMKR0VQWRPCC','01FD1DPN4SYR7H55WAYX0MDBV5','01FD1DQ3ZAYKB2VNTTFD3A2BMA','2021-08-14 13:11:31.393864'),('01FD1DQ4R9HKGQXBS7541YVW9H','01FD1DPN4SYR7H55WAYX0MDBV5','01FD1DQ3ZF8VYS58SE19YDKNWH','2021-08-14 13:11:31.482244'),('01FD1DQ4V2AHP4985BRCYMTD76','01FD1DPMTZ9PP8VSDC2CNX3FBX','01FD1DQ31JZEGDXGVQ4X50QHZZ','2021-08-14 13:11:31.557794'),('01FD1DQ4VPEBJ1M8Q0HT0HNBAA','01FD1DPMZYMWJQMX45JH22H66D','01FD1DQ3ZAYKB2VNTTFD3A2BMA','2021-08-14 13:11:31.587843'),('01FD1DQ4VVS2ZK2G7F01JD1094','01FD1DPN4SYR7H55WAYX0MDBV5','01FD1DQ4K0MNC6915YTWB68ZV7','2021-08-14 13:11:31.584245'),('01FD1DQ4Z30VSPXC6GRBCTR25E','01FD1DPMZYMWJQMX45JH22H66D','01FD1DQ3ZF8VYS58SE19YDKNWH','2021-08-14 13:11:31.689451'),('01FD1DQ503VGWT7KK71DNJ6JHX','01FD1DQ0BFBXHEJ2VYV5F6YG97','01FD1DQ4YVDBT4WBYNATYR43ZX','2021-08-14 13:11:31.720724'),('01FD1DQ51B5JXAXDDKWDPM6D4K','01FD1DPMZX82WV27GBPRBYB1CT','01FD1DQ3ZAYKB2VNTTFD3A2BMA','2021-08-14 13:11:31.760516'),('01FD1DQ52Q8NP5CT3YN04VG6D0','01FD1DPMZYMWJQMX45JH22H66D','01FD1DQ4K0MNC6915YTWB68ZV7','2021-08-14 13:11:31.802425'),('01FD1DQ54RR7B30P3HR1KS0PJ3','01FD1DPMZX82WV27GBPRBYB1CT','01FD1DQ3ZF8VYS58SE19YDKNWH','2021-08-14 13:11:31.871715'),('01FD1DQ56QN4T4T1MHS4ADS1C8','01FD1DPN4SYR7H55WAYX0MDBV5','01FD1DQ4YVDBT4WBYNATYR43ZX','2021-08-14 13:11:31.938320'),('01FD1DQ579P8SN14TM3RWBCK9T','01FD1DPMV75DJ9ZARNWZN47W57','01FD1DQ3ZAYKB2VNTTFD3A2BMA','2021-08-14 13:11:31.958064'),('01FD1DQ58NX6HM5J0P1174GF3Q','01FD1DPMZX82WV27GBPRBYB1CT','01FD1DQ4K0MNC6915YTWB68ZV7','2021-08-14 13:11:32.012867'),('01FD1DQ5AQNMW415YE9QFBEZJ5','01FD1DPMV75DJ9ZARNWZN47W57','01FD1DQ3ZF8VYS58SE19YDKNWH','2021-08-14 13:11:32.061462'),('01FD1DQ5DDB3YFF4TVHEHYA3BC','01FD1DPMTZ9PP8VSDC2CNX3FBX','01FD1DQ3ZAYKB2VNTTFD3A2BMA','2021-08-14 13:11:32.148554'),('01FD1DQ5E07BBEDQA1FYGVGJM8','01FD1DPMV75DJ9ZARNWZN47W57','01FD1DQ4K0MNC6915YTWB68ZV7','2021-08-14 13:11:32.169741'),('01FD1DQ5EGEDVZZ4DKCGGS2X6M','01FD1DPMZYMWJQMX45JH22H66D','01FD1DQ4YVDBT4WBYNATYR43ZX','2021-08-14 13:11:32.181273'),('01FD1DQ5GZTBN6KENM2FCJEYZY','01FD1DPMTZ9PP8VSDC2CNX3FBX','01FD1DQ3ZF8VYS58SE19YDKNWH','2021-08-14 13:11:32.267250'),('01FD1DQ69PDKYB000W261JTK8A','01FD1DPMTZ9PP8VSDC2CNX3FBX','01FD1DQ4K0MNC6915YTWB68ZV7','2021-08-14 13:11:33.086232'),('01FD1DQ6AHG775JVKHK2382JY2','01FD1DQ0BFBXHEJ2VYV5F6YG97','01FD1DQ65Y83N2FPNNFZQKKDXC','2021-08-14 13:11:33.095383'),('01FD1DQ6BVDT3CZ9PMHS6NS11C','01FD1DPMZX82WV27GBPRBYB1CT','01FD1DQ4YVDBT4WBYNATYR43ZX','2021-08-14 13:11:33.119578'),('01FD1DQ6CV83W35JJXXR92QW9K','01FD1DQ0BFBXHEJ2VYV5F6YG97','01FD1DQ697PG8617WHVWK9961R','2021-08-14 13:11:33.151082'),('01FD1DQ6G9YN9VEC5Q1VY15152','01FD1DQ0BFBXHEJ2VYV5F6YG97','01FD1DQ6EQT0AHWS3A1ZF1QQTV','2021-08-14 13:11:33.260770'),('01FD1DQ6J7ZVQ3MTF3ZRVW6SYR','01FD1DPMV75DJ9ZARNWZN47W57','01FD1DQ4YVDBT4WBYNATYR43ZX','2021-08-14 13:11:33.323618'),('01FD1DQ6K7NAW9T664EW905FV1','01FD1DPN4SYR7H55WAYX0MDBV5','01FD1DQ65Y83N2FPNNFZQKKDXC','2021-08-14 13:11:33.354535'),('01FD1DQ6N8TK4AZS419Y44JN7W','01FD1DPN4SYR7H55WAYX0MDBV5','01FD1DQ697PG8617WHVWK9961R','2021-08-14 13:11:33.443387'),('01FD1DQ6QVHBKARQZHXEXRBMY3','01FD1DPN4SYR7H55WAYX0MDBV5','01FD1DQ6EQT0AHWS3A1ZF1QQTV','2021-08-14 13:11:33.524098'),('01FD1DQ6RWEPY2A00Y4SJQ2R4W','01FD1DPMTZ9PP8VSDC2CNX3FBX','01FD1DQ4YVDBT4WBYNATYR43ZX','2021-08-14 13:11:33.542765'),('01FD1DQ6T3BQ4C0F3H0GERPHXP','01FD1DPMZYMWJQMX45JH22H66D','01FD1DQ65Y83N2FPNNFZQKKDXC','2021-08-14 13:11:33.578603'),('01FD1DQ6VAKPGM0B3CYFH3587S','01FD1DPMZYMWJQMX45JH22H66D','01FD1DQ697PG8617WHVWK9961R','2021-08-14 13:11:33.630093'),('01FD1DQ6YYV8SHQ4TFXA91R3E6','01FD1DPMZYMWJQMX45JH22H66D','01FD1DQ6EQT0AHWS3A1ZF1QQTV','2021-08-14 13:11:33.731242'),('01FD1DQ6ZY2R408QN9R10EP53K','01FD1DQ0BFBXHEJ2VYV5F6YG97','01FD1DQ6X5GQMXCHHFTAZVRY4R','2021-08-14 13:11:33.779028'),('01FD1DQ7048G0GZNHZXJCYVHHM','01FD1DPMZX82WV27GBPRBYB1CT','01FD1DQ65Y83N2FPNNFZQKKDXC','2021-08-14 13:11:33.771064'),('01FD1DQ72S7N1E6Q4TXT6GXJ2G','01FD1DPMZX82WV27GBPRBYB1CT','01FD1DQ697PG8617WHVWK9961R','2021-08-14 13:11:33.861868'),('01FD1DQ75J24VC7WXGKWCBRV59','01FD1DPMZX82WV27GBPRBYB1CT','01FD1DQ6EQT0AHWS3A1ZF1QQTV','2021-08-14 13:11:33.948093'),('01FD1DQ7607NESS9NDH5C67A5P','01FD1DPN4SYR7H55WAYX0MDBV5','01FD1DQ6X5GQMXCHHFTAZVRY4R','2021-08-14 13:11:33.967820'),('01FD1DQ76F40B87GBM2X5A5DCV','01FD1DPMV75DJ9ZARNWZN47W57','01FD1DQ65Y83N2FPNNFZQKKDXC','2021-08-14 13:11:33.977612'),('01FD1DQ79ENXN7CDPA7YXAV3WV','01FD1DPMV75DJ9ZARNWZN47W57','01FD1DQ697PG8617WHVWK9961R','2021-08-14 13:11:34.072646'),('01FD1DQ7BSZJZGMR08M9VZB3NT','01FD1DPMV75DJ9ZARNWZN47W57','01FD1DQ6EQT0AHWS3A1ZF1QQTV','2021-08-14 13:11:34.342194'),('01FD1DQ7BVR080W4ZZZDYTCWZX','01FD1DPMTZ9PP8VSDC2CNX3FBX','01FD1DQ65Y83N2FPNNFZQKKDXC','2021-08-14 13:11:34.141984'),('01FD1DQ7C49RNWWA95K2NFTHT0','01FD1DPMZYMWJQMX45JH22H66D','01FD1DQ6X5GQMXCHHFTAZVRY4R','2021-08-14 13:11:34.153232'),('01FD1DQ7QYFTQY5BTP5150NB8C','01FD1DQ0BFBXHEJ2VYV5F6YG97','01FD1DQ7NMEVDBQH2XB9F30RJN','2021-08-14 13:11:34.549910'),('01FD1DQ7RPQ4T47PCGRBBBMR2D','01FD1DPMTZ9PP8VSDC2CNX3FBX','01FD1DQ697PG8617WHVWK9961R','2021-08-14 13:11:34.559858'),('01FD1DQ7RVSAPX9ZJPW995FA2C','01FD1DPMTZ9PP8VSDC2CNX3FBX','01FD1DQ6EQT0AHWS3A1ZF1QQTV','2021-08-14 13:11:34.575858'),('01FD1DQ7S7XMBV996WB1GDQRMG','01FD1DPMZX82WV27GBPRBYB1CT','01FD1DQ6X5GQMXCHHFTAZVRY4R','2021-08-14 13:11:34.575710'),('01FD1DQ7WZJHHFGAZ5FG3H866C','01FD1DPN4SYR7H55WAYX0MDBV5','01FD1DQ7NMEVDBQH2XB9F30RJN','2021-08-14 13:11:34.730131'),('01FD1DQ7Y9ANGZCMDJG7XTBH32','01FD1DPMV75DJ9ZARNWZN47W57','01FD1DQ6X5GQMXCHHFTAZVRY4R','2021-08-14 13:11:34.732918'),('01FD1DQ7ZPF9AS1WG50SF0JRX6','01FD1DQ0BFBXHEJ2VYV5F6YG97','01FD1DQ7WY910C4K8BV74A45EA','2021-08-14 13:11:34.777086'),('01FD1DQ83W0AMWESQX1HDAV3C4','01FD1DPMZYMWJQMX45JH22H66D','01FD1DQ7NMEVDBQH2XB9F30RJN','2021-08-14 13:11:34.914679'),('01FD1DQ843ZVPX25K8D3VWH1SR','01FD1DPMTZ9PP8VSDC2CNX3FBX','01FD1DQ6X5GQMXCHHFTAZVRY4R','2021-08-14 13:11:34.923174'),('01FD1DQ84XGR7VTY5QV4P3HZSB','01FD1DPN4SYR7H55WAYX0MDBV5','01FD1DQ7WY910C4K8BV74A45EA','2021-08-14 13:11:34.966692'),('01FD1DQ87P6SMJ857ZTDSHZDG1','01FD1DPMZX82WV27GBPRBYB1CT','01FD1DQ7NMEVDBQH2XB9F30RJN','2021-08-14 13:11:35.033081'),('01FD1DQ8TKTTB0ZTQS4E5KM6Z8','01FD1DQ0BFBXHEJ2VYV5F6YG97','01FD1DQ85GJBHAFJJREJCRTZN6','2021-08-14 13:11:35.667695'),('01FD1DQ90H9RXJ7CW57YETE5G6','01FD1DPMV75DJ9ZARNWZN47W57','01FD1DQ7NMEVDBQH2XB9F30RJN','2021-08-14 13:11:35.831826'),('01FD1DQ90ND0S9BQMEBJ02QZG0','01FD1DQ0BFBXHEJ2VYV5F6YG97','01FD1DQ8VBMJ9PAYBJY50WWF6X','2021-08-14 13:11:35.836829'),('01FD1DQ937KDY83T53WPEM3RVE','01FD1DPMZYMWJQMX45JH22H66D','01FD1DQ7WY910C4K8BV74A45EA','2021-08-14 13:11:35.921499'),('01FD1DQ96VH16Z59Z3Y63KA124','01FD1DPN4SYR7H55WAYX0MDBV5','01FD1DQ85GJBHAFJJREJCRTZN6','2021-08-14 13:11:36.032835'),('01FD1DQ9AWAQTPRV7SRA544R9Z','01FD1DPMTZ9PP8VSDC2CNX3FBX','01FD1DQ7NMEVDBQH2XB9F30RJN','2021-08-14 13:11:36.162805'),('01FD1DQ9BMZR8A1QQTJE5CK14F','01FD1DPN4SYR7H55WAYX0MDBV5','01FD1DQ8VBMJ9PAYBJY50WWF6X','2021-08-14 13:11:36.188706'),('01FD1DQ9BQT8AA6Q134ZDSZB27','01FD1DPMZX82WV27GBPRBYB1CT','01FD1DQ7WY910C4K8BV74A45EA','2021-08-14 13:11:36.186643'),('01FD1DQ9FQP7CAJXGJG2NTPG25','01FD1DPMZYMWJQMX45JH22H66D','01FD1DQ85GJBHAFJJREJCRTZN6','2021-08-14 13:11:36.322076'),('01FD1DQ9HYZGGYFX72DGH8TDEF','01FD1DQ0BFBXHEJ2VYV5F6YG97','01FD1DQ9ETBR8S82ER4N64FP8P','2021-08-14 13:11:36.442587'),('01FD1DQ9J7MSXP1GWTY33E5QVN','01FD1DPMV75DJ9ZARNWZN47W57','01FD1DQ7WY910C4K8BV74A45EA','2021-08-14 13:11:36.417846'),('01FD1DQ9JFH5QYCGXR719P7T05','01FD1DPMZYMWJQMX45JH22H66D','01FD1DQ8VBMJ9PAYBJY50WWF6X','2021-08-14 13:11:36.415275'),('01FD1DQ9PJECYWR08S1JJQ9W0F','01FD1DPMZX82WV27GBPRBYB1CT','01FD1DQ85GJBHAFJJREJCRTZN6','2021-08-14 13:11:36.546248'),('01FD1DQ9SJ2DKC4BFKF6JT8Z4V','01FD1DPMZX82WV27GBPRBYB1CT','01FD1DQ8VBMJ9PAYBJY50WWF6X','2021-08-14 13:11:36.641111'),('01FD1DQ9TE2AS00GY1RB2FH9ED','01FD1DPN4SYR7H55WAYX0MDBV5','01FD1DQ9ETBR8S82ER4N64FP8P','2021-08-14 13:11:36.661692'),('01FD1DQ9TSMH6DEMKWYXZWA5XJ','01FD1DPMTZ9PP8VSDC2CNX3FBX','01FD1DQ7WY910C4K8BV74A45EA','2021-08-14 13:11:36.679336'),('01FD1DQ9XCGRN4WZ238MC86XCG','01FD1DPMV75DJ9ZARNWZN47W57','01FD1DQ85GJBHAFJJREJCRTZN6','2021-08-14 13:11:36.760117'),('01FD1DQA0BSP04NXDM9PXG8KXC','01FD1DPMZYMWJQMX45JH22H66D','01FD1DQ9ETBR8S82ER4N64FP8P','2021-08-14 13:11:36.861244'),('01FD1DQA0NM35VJV0WSBJSEFW6','01FD1DPMV75DJ9ZARNWZN47W57','01FD1DQ8VBMJ9PAYBJY50WWF6X','2021-08-14 13:11:36.859431'),('01FD1DQA35ESFV14V7N36WT4GC','01FD1DPMTZ9PP8VSDC2CNX3FBX','01FD1DQ85GJBHAFJJREJCRTZN6','2021-08-14 13:11:36.956208'),('01FD1DQA5YN77Z3RKXDMMZ51Y3','01FD1DQ0BFBXHEJ2VYV5F6YG97','01FD1DQA35ESFV14V7N6WQK3K4','2021-08-14 13:11:37.031519'),('01FD1DQA68M92ZM418ZNDS0Z0K','01FD1DPMZX82WV27GBPRBYB1CT','01FD1DQ9ETBR8S82ER4N64FP8P','2021-08-14 13:11:37.036240'),('01FD1DQAWS551KAWJVTF4ZH0B6','01FD1DPMTZ9PP8VSDC2CNX3FBX','01FD1DQ8VBMJ9PAYBJY50WWF6X','2021-08-14 13:11:37.772293'),('01FD1DQAZ7BJ4GWQ549Y8RZGF3','01FD1DQ0BFBXHEJ2VYV5F6YG97','01FD1DQAWQWD20ZAG6GYD3ANHR','2021-08-14 13:11:37.834431'),('01FD1DQB2NJ7GPCQZWY2NGEQNG','01FD1DPMV75DJ9ZARNWZN47W57','01FD1DQ9ETBR8S82ER4N64FP8P','2021-08-14 13:11:37.951633'),('01FD1DQB33JSDH09W9VZR6YQCT','01FD1DPN4SYR7H55WAYX0MDBV5','01FD1DQA35ESFV14V7N6WQK3K4','2021-08-14 13:11:37.966900'),('01FD1DQB5NS2SPWRMP7MBQ0ZV1','01FD1DPN4SYR7H55WAYX0MDBV5','01FD1DQAWQWD20ZAG6GYD3ANHR','2021-08-14 13:11:38.048599'),('01FD1DQB99PZHJXG087NE1ER4D','01FD1DQ0BFBXHEJ2VYV5F6YG97','01FD1DQB5DJVWRZN76A587AFV9','2021-08-14 13:11:38.165549'),('01FD1DQBD5APKRD5FJTYPJ7XFZ','01FD1DPMZYMWJQMX45JH22H66D','01FD1DQAWQWD20ZAG6GYD3ANHR','2021-08-14 13:11:38.281152'),('01FD1DQBE066ETQXDBFFRKF0DJ','01FD1DPMZYMWJQMX45JH22H66D','01FD1DQA35ESFV14V7N6WQK3K4','2021-08-14 13:11:38.328695'),('01FD1DQBE930JYT3QE2GW9YSAJ','01FD1DPMTZ9PP8VSDC2CNX3FBX','01FD1DQ9ETBR8S82ER4N64FP8P','2021-08-14 13:11:38.346303'),('01FD1DQBPK7741H9KT33P02DJT','01FD1DPN4SYR7H55WAYX0MDBV5','01FD1DQB5DJVWRZN76A587AFV9','2021-08-14 13:11:38.589194'),('01FD1DQBTR30YFKQEP5DHBKDBH','01FD1DPMZX82WV27GBPRBYB1CT','01FD1DQA35ESFV14V7N6WQK3K4','2021-08-14 13:11:38.723250'),('01FD1DQBTS2ZKWZJ7B4YT8ESD9','01FD1DPMZX82WV27GBPRBYB1CT','01FD1DQAWQWD20ZAG6GYD3ANHR','2021-08-14 13:11:38.734775'),('01FD1DQBTXT2QYTXDHFKB4N86Z','01FD1DQ0BFBXHEJ2VYV5F6YG97','01FD1DQBQDTY8N7ZSBCAPT9GS0','2021-08-14 13:11:38.720531'),('01FD1DQC0DKZ4GDAQX5XW3SBSB','01FD1DPMZYMWJQMX45JH22H66D','01FD1DQB5DJVWRZN76A587AFV9','2021-08-14 13:11:38.898804'),('01FD1DQC1F8T3Y40SSCVAFJ90J','01FD1DPMV75DJ9ZARNWZN47W57','01FD1DQA35ESFV14V7N6WQK3K4','2021-08-14 13:11:38.943151'),('01FD1DQC2427S32E5SDC09G9MN','01FD1DPN4SYR7H55WAYX0MDBV5','01FD1DQBQDTY8N7ZSBCAPT9GS0','2021-08-14 13:11:38.957854'),('01FD1DQC40WZSC4X06A9FMJPJV','01FD1DPMV75DJ9ZARNWZN47W57','01FD1DQAWQWD20ZAG6GYD3ANHR','2021-08-14 13:11:39.015815'),('01FD1DQCWM6A7DSBTHYDCKKD8B','01FD1DPMZX82WV27GBPRBYB1CT','01FD1DQB5DJVWRZN76A587AFV9','2021-08-14 13:11:39.810252'),('01FD1DQCXAXXB86ZSDK0HCA3CK','01FD1DPMZYMWJQMX45JH22H66D','01FD1DQBQDTY8N7ZSBCAPT9GS0','2021-08-14 13:11:39.828442'),('01FD1DQCXGJJXEXXB4QR7NHGX7','01FD1DPMTZ9PP8VSDC2CNX3FBX','01FD1DQA35ESFV14V7N6WQK3K4','2021-08-14 13:11:39.834442'),('01FD1DQCYQFCFTQTCTJYBT3DPY','01FD1DPMTZ9PP8VSDC2CNX3FBX','01FD1DQAWQWD20ZAG6GYD3ANHR','2021-08-14 13:11:39.872134'),('01FD1DQD20FABEW4YAKK897N1C','01FD1DPMV75DJ9ZARNWZN47W57','01FD1DQB5DJVWRZN76A587AFV9','2021-08-14 13:11:39.970676'),('01FD1DQD2RDV0FWTTFGX07E553','01FD1DPMZX82WV27GBPRBYB1CT','01FD1DQBQDTY8N7ZSBCAPT9GS0','2021-08-14 13:11:40.001242'),('01FD1DQD6D70CHHMN742EY4W7F','01FD1DQ0BFBXHEJ2VYV5F6YG97','01FD1DQD1X6K99FV6N8260Q9KG','2021-08-14 13:11:40.126090'),('01FD1DQD6XCNX1WEX005X2HTV0','01FD1DQ0BFBXHEJ2VYV5F6YG97','01FD1DQD2XABRPCB1W8EEAAEB6','2021-08-14 13:11:40.155253'),('01FD1DQDB018Y2WPEAVEVWKZDK','01FD1DPMTZ9PP8VSDC2CNX3FBX','01FD1DQB5DJVWRZN76A587AFV9','2021-08-14 13:11:40.319442'),('01FD1DQDB5WM7RQ4VMYZRGFW9H','01FD1DPMV75DJ9ZARNWZN47W57','01FD1DQBQDTY8N7ZSBCAPT9GS0','2021-08-14 13:11:40.320399'),('01FD1DQDF2C1ZS1NNJQXBP0YC1','01FD1DPN4SYR7H55WAYX0MDBV5','01FD1DQD2XABRPCB1W8EEAAEB6','2021-08-14 13:11:40.390048'),('01FD1DQDFKGRAKT0Z222DMP58P','01FD1DPN4SYR7H55WAYX0MDBV5','01FD1DQD1X6K99FV6N8260Q9KG','2021-08-14 13:11:40.422755'),('01FD1DQDN0BPV5Q1PVPYF3C4M2','01FD1DQ0BFBXHEJ2VYV5F6YG97','01FD1DQDGYT2JDCP898356ZB6V','2021-08-14 13:11:40.587354'),('01FD1DQDN8G85S2YF0ZWC24Z26','01FD1DPMTZ9PP8VSDC2CNX3FBX','01FD1DQBQDTY8N7ZSBCAPT9GS0','2021-08-14 13:11:40.594113'),('01FD1DQDPQ6MXG15NYXFV0D5MZ','01FD1DPMZYMWJQMX45JH22H66D','01FD1DQD2XABRPCB1W8EEAAEB6','2021-08-14 13:11:40.641078'),('01FD1DQDQD2GKAFY7HGFFE1J7K','01FD1DPMZYMWJQMX45JH22H66D','01FD1DQD1X6K99FV6N8260Q9KG','2021-08-14 13:11:40.664058'),('01FD1DQDWYH06VPWFZSFC8T8RW','01FD1DQ0BFBXHEJ2VYV5F6YG97','01FD1DQDSBHKB70ZHXHYEFH78E','2021-08-14 13:11:40.847073'),('01FD1DQDXCVHNBE1QCBF5VDRG7','01FD1DPN4SYR7H55WAYX0MDBV5','01FD1DQDGYT2JDCP898356ZB6V','2021-08-14 13:11:40.860664'),('01FD1DQDXRV08FPDB4N30PVVCN','01FD1DPMZX82WV27GBPRBYB1CT','01FD1DQD2XABRPCB1W8EEAAEB6','2021-08-14 13:11:40.868139'),('01FD1DQE01X9EW3X1SJVWT4960','01FD1DPMZX82WV27GBPRBYB1CT','01FD1DQD1X6K99FV6N8260Q9KG','2021-08-14 13:11:40.943413'),('01FD1DQEAK0V5ZHCHW8AVVTHDT','01FD1DPMV75DJ9ZARNWZN47W57','01FD1DQD2XABRPCB1W8EEAAEB6','2021-08-14 13:11:41.281638'),('01FD1DQEAK0V5ZHCHW8EF9ZTRJ','01FD1DPN4SYR7H55WAYX0MDBV5','01FD1DQDSBHKB70ZHXHYEFH78E','2021-08-14 13:11:41.270829'),('01FD1DQEB15JS3HXDVRZ4ZQTZG','01FD1DPMZYMWJQMX45JH22H66D','01FD1DQDGYT2JDCP898356ZB6V','2021-08-14 13:11:41.292179'),('01FD1DQEBN8EZFY4KTK98JS323','01FD1DPMV75DJ9ZARNWZN47W57','01FD1DQD1X6K99FV6N8260Q9KG','2021-08-14 13:11:41.579778'),('01FD1DQET9DK219YKR39XH1B32','01FD1DPMTZ9PP8VSDC2CNX3FBX','01FD1DQD1X6K99FV6N8260Q9KG','2021-08-14 13:11:41.774504'),('01FD1DQETHXFS1MER9W123SYD2','01FD1DPMTZ9PP8VSDC2CNX3FBX','01FD1DQD2XABRPCB1W8EEAAEB6','2021-08-14 13:11:41.790479'),('01FD1DQEV4YBMN4MS1WN5T3KX8','01FD1DPMZYMWJQMX45JH22H66D','01FD1DQDSBHKB70ZHXHYEFH78E','2021-08-14 13:11:41.806241'),('01FD1DQEW345YFF346MG4AMS8Y','01FD1DPMZX82WV27GBPRBYB1CT','01FD1DQDGYT2JDCP898356ZB6V','2021-08-14 13:11:41.832545'),('01FD1DQF0JPZ3B50RKWRNK372T','01FD1DQEZ4BYN44GVGHR44HH08','01FD1DQEYT7VAGQP5WNZM6CEWM','2021-08-14 13:11:41.974561'),('01FD1DQF2GX7ZSTZHWCQXHQR0K','01FD1DPMV75DJ9ZARNWZN47W57','01FD1DQDGYT2JDCP898356ZB6V','2021-08-14 13:11:42.040998'),('01FD1DQF2P1EQ6BMSVANCMBYR5','01FD1DQ0BFBXHEJ2VYV5F6YG97','01FD1DQEY8RRGDN6RC35HHTJ3Y','2021-08-14 13:11:42.051120'),('01FD1DQF4560747RCA6CCM07YT','01FD1DQ0BFBXHEJ2VYV5F6YG97','01FD1DQEYT7VAGQP5WNZM6CEWM','2021-08-14 13:11:42.098267'),('01FD1DQF8YF0QQY8FH31QGF42R','01FD1DPMV75DJ9ZARNWZN47W57','01FD1DQDSBHKB70ZHXHYEFH78E','2021-08-14 13:11:42.243685'),('01FD1DQF9R4B0TNW3YCNSXHTFX','01FD1DPN4SYR7H55WAYX0MDBV5','01FD1DQEY8RRGDN6RC35HHTJ3Y','2021-08-14 13:11:42.290421'),('01FD1DQFB4BJ4678DNW9RBK20D','01FD1DPMTZ9PP8VSDC2CNX3FBX','01FD1DQDGYT2JDCP898356ZB6V','2021-08-14 13:11:42.318209'),('01FD1DQFBYK5QP6P12VFN4QEC0','01FD1DPN4SYR7H55WAYX0MDBV5','01FD1DQEYT7VAGQP5WNZM6CEWM','2021-08-14 13:11:42.339203'),('01FD1DQFG5JAX18BYBXGK5MZWK','01FD1DQEZ4BYN44GVGHR44HH08','01FD1DQFF90W414B08N6SFFB1J','2021-08-14 13:11:42.476138'),('01FD1DQFH86AG6VH2VX1C83HVB','01FD1DPMTZ9PP8VSDC2CNX3FBX','01FD1DQDSBHKB70ZHXHYEFH78E','2021-08-14 13:11:42.521590'),('01FD1DQFKDBPN15BX5XDDK5R2S','01FD1DQ0BFBXHEJ2VYV5F6YG97','01FD1DQFF90W414B08N6SFFB1J','2021-08-14 13:11:42.585422'),('01FD1DQFKP2Z5DFGMGP45PC202','01FD1DPMZYMWJQMX45JH22H66D','01FD1DQEY8RRGDN6RC35HHTJ3Y','2021-08-14 13:11:42.586773'),('01FD1DQFN7D0BSDBTSWDTZH4YB','01FD1DPMZYMWJQMX45JH22H66D','01FD1DQEYT7VAGQP5WNZM6CEWM','2021-08-14 13:11:42.636796'),('01FD1DQFQC84CFP2H3YBEH54BV','01FD1DQEZ4BYN44GVGHR44HH08','01FD1DQFP0R7PWCWZNQBQJZ8PJ','2021-08-14 13:11:42.705231'),('01FD1DQFV0PQ8N8RTPSYWEV6F5','01FD1DPMV75DJ9ZARNWZN47W57','01FD1DQEY8RRGDN6RC35HHTJ3Y','2021-08-14 13:11:42.825581'),('01FD1DQFV7JQJHTHQXW7VB021Y','01FD1DQ0BFBXHEJ2VYV5F6YG97','01FD1DQFP0R7PWCWZNQBQJZ8PJ','2021-08-14 13:11:42.835399'),('01FD1DQFVF6GVP7B72DZ2B5B0X','01FD1DPN4SYR7H55WAYX0MDBV5','01FD1DQFF90W414B08N6SFFB1J','2021-08-14 13:11:42.845828'),('01FD1DQFWJ568KKFQR9WAPT19B','01FD1DPMV75DJ9ZARNWZN47W57','01FD1DQEYT7VAGQP5WNZM6CEWM','2021-08-14 13:11:42.873050'),('01FD1DQG2RZTK7468P75AB48K3','01FD1DPMTZ9PP8VSDC2CNX3FBX','01FD1DQEY8RRGDN6RC35HHTJ3Y','2021-08-14 13:11:43.081293'),('01FD1DQG3GYHEMKTZ5HTFQ0AGX','01FD1DPMTZ9PP8VSDC2CNX3FBX','01FD1DQEYT7VAGQP5WNZM6CEWM','2021-08-14 13:11:43.106020'),('01FD1DQG3TDHCXE716YS5N3AKV','01FD1DPN4SYR7H55WAYX0MDBV5','01FD1DQFP0R7PWCWZNQBQJZ8PJ','2021-08-14 13:11:43.103866'),('01FD1DQG4CY64RW1NQKQBNCY65','01FD1DPMZYMWJQMX45JH22H66D','01FD1DQFF90W414B08N6SFFB1J','2021-08-14 13:11:43.132911'),('01FD1DQG9DQ2JWXKZP7K4M8JWJ','01FD1DQEZ4BYN44GVGHR44HH08','01FD1DQG75NWRES4ZMJCWT4342','2021-08-14 13:11:43.287407'),('01FD1DQG9NTRVD7ZBH6JSETE6E','01FD1DQEZ4BYN44GVGHR44HH08','01FD1DQG839XQN8HGZS7EZY4JA','2021-08-14 13:11:43.302548'),('01FD1DQGBAE44V9RQ2M9C89J1S','01FD1DPMZYMWJQMX45JH22H66D','01FD1DQFP0R7PWCWZNQBQJZ8PJ','2021-08-14 13:11:43.352384'),('01FD1DQGBVGNJE81RZMSV7Q2S7','01FD1DPMV75DJ9ZARNWZN47W57','01FD1DQFF90W414B08N6SFFB1J','2021-08-14 13:11:43.383237'),('01FD1DQGE9QK2TPB48DFQA5XSC','01FD1DQ0BFBXHEJ2VYV5F6YG97','01FD1DQG75NWRES4ZMJCWT4342','2021-08-14 13:11:43.442904'),('01FD1DQGG3PRKMVYZYYMJ79JDJ','01FD1DQ0BFBXHEJ2VYV5F6YG97','01FD1DQG839XQN8HGZS7EZY4JA','2021-08-14 13:11:43.495800'),('01FD1DQGP1GR7RR7M8JM7D86KK','01FD1DPMV75DJ9ZARNWZN47W57','01FD1DQFP0R7PWCWZNQBQJZ8PJ','2021-08-14 13:11:43.713848'),('01FD1DQGR3F55GXVXYEY628ME5','01FD1DPMTZ9PP8VSDC2CNX3FBX','01FD1DQFF90W414B08N6SFFB1J','2021-08-14 13:11:43.785678'),('01FD1DQGRHMKXM9N1VWGT8CZ8B','01FD1DPN4SYR7H55WAYX0MDBV5','01FD1DQG75NWRES4ZMJCWT4342','2021-08-14 13:11:43.783324'),('01FD1DQGWBXEB6EHG4W3WQSHN5','01FD1DPN4SYR7H55WAYX0MDBV5','01FD1DQG839XQN8HGZS7EZY4JA','2021-08-14 13:11:43.906111'),('01FD1DQH1F1PAG59QQTEVHYH9R','01FD1DQEZ4BYN44GVGHR44HH08','01FD1DQGX7EMW299YWX9XEYYFM','2021-08-14 13:11:44.075338'),('01FD1DQH72V12NVQ2VB4YJSE2V','01FD1DQ0BFBXHEJ2VYV5F6YG97','01FD1DQGX7EMW299YWX9XEYYFM','2021-08-14 13:11:44.259717'),('01FD1DQH9048WEW6VGFDKE6JYN','01FD1DPMZYMWJQMX45JH22H66D','01FD1DQG75NWRES4ZMJCWT4342','2021-08-14 13:11:44.294971'),('01FD1DQH9KVXHG7KDVV8TQP385','01FD1DPMTZ9PP8VSDC2CNX3FBX','01FD1DQFP0R7PWCWZNQBQJZ8PJ','2021-08-14 13:11:44.314504'),('01FD1DQHB2XASA43DVKMR57YWV','01FD1DPMZYMWJQMX45JH22H66D','01FD1DQG839XQN8HGZS7EZY4JA','2021-08-14 13:11:44.357004'),('01FD1DQHGC77EXPV9WZ212J0HY','01FD1DQEZ4BYN44GVGHR44HH08','01FD1DQHE344YBTFTZ81JVEJJ4','2021-08-14 13:11:44.542264'),('01FD1DQHMA32FW5YX8PQNYPTBA','01FD1DPN4SYR7H55WAYX0MDBV5','01FD1DQGX7EMW299YWX9XEYYFM','2021-08-14 13:11:44.667924'),('01FD1DQHN0M8YWHGM2V2DJBV24','01FD1DQ0BFBXHEJ2VYV5F6YG97','01FD1DQHE344YBTFTZ81JVEJJ4','2021-08-14 13:11:44.720887'),('01FD1DQHNFVPNRRY4H66BKEQC9','01FD1DPMV75DJ9ZARNWZN47W57','01FD1DQG75NWRES4ZMJCWT4342','2021-08-14 13:11:44.696065'),('01FD1DQHP2XYK9Y2YPWT34NM6C','01FD1DPMV75DJ9ZARNWZN47W57','01FD1DQG839XQN8HGZS7EZY4JA','2021-08-14 13:11:44.735285'),('01FD1DQHXXDKA25WYQDB7XP9NS','01FD1DPN4SYR7H55WAYX0MDBV5','01FD1DQHE344YBTFTZ81JVEJJ4','2021-08-14 13:11:44.969787'),('01FD1DQHY980WQKRG8WDM5H4H6','01FD1DPMZYMWJQMX45JH22H66D','01FD1DQGX7EMW299YWX9XEYYFM','2021-08-14 13:11:44.990158'),('01FD1DQHYBCT39QWC2H2BF0B5T','01FD1DPMTZ9PP8VSDC2CNX3FBX','01FD1DQG75NWRES4ZMJCWT4342','2021-08-14 13:11:45.018954'),('01FD1DQJ0C78DV42SBEQZ1NK3Z','01FD1DPMTZ9PP8VSDC2CNX3FBX','01FD1DQG839XQN8HGZS7EZY4JA','2021-08-14 13:11:45.050989'),('01FD1DQJ53QSR7BJFKZYS0AQ9Y','01FD1DQEZ4BYN44GVGHR44HH08','01FD1DQJ3MTGSYQDGMX6FKADDY','2021-08-14 13:11:45.625400'),('01FD1DQJN64MHSTFTGZT1X8BQV','01FD1DQEZ4BYN44GVGHR44HH08','01FD1DQJ5BV3WQJKV4NB18JEZC','2021-08-14 13:11:45.718721'),('01FD1DQJNC51A95NA2JT1HH8PF','01FD1DPMV75DJ9ZARNWZN47W57','01FD1DQGX7EMW299YWX9XEYYFM','2021-08-14 13:11:45.713611'),('01FD1DQJP3H46PE1J41KYQPGC1','01FD1DPMZYMWJQMX45JH22H66D','01FD1DQHE344YBTFTZ81JVEJJ4','2021-08-14 13:11:45.737224'),('01FD1DQJSNTD1XZ87BZ32RZVJF','01FD1DQ0BFBXHEJ2VYV5F6YG97','01FD1DQJ3MTGSYQDGMX6FKADDY','2021-08-14 13:11:45.858893'),('01FD1DQJTF7JP19HS0HSVJY1KJ','01FD1DQ0BFBXHEJ2VYV5F6YG97','01FD1DQJ5BV3WQJKV4NB18JEZC','2021-08-14 13:11:46.074402'),('01FD1DQJX95Z6MA7QJEZX4ED5P','01FD1DPMTZ9PP8VSDC2CNX3FBX','01FD1DQGX7EMW299YWX9XEYYFM','2021-08-14 13:11:45.967614'),('01FD1DQJXMVTC1K7AR9RA33HZJ','01FD1DPMV75DJ9ZARNWZN47W57','01FD1DQHE344YBTFTZ81JVEJJ4','2021-08-14 13:11:45.975338'),('01FD1DQK8582B1AEE0Y20V0F1Y','01FD1DQEZ4BYN44GVGHR44HH08','01FD1DQK647ETDWG20WD20G7XN','2021-08-14 13:11:46.312931'),('01FD1DQKA7T4EX603G2ZBGH346','01FD1DPN4SYR7H55WAYX0MDBV5','01FD1DQJ5BV3WQJKV4NB18JEZC','2021-08-14 13:11:46.378895'),('01FD1DQKC07B0T2DB7FMEV2Y37','01FD1DPMTZ9PP8VSDC2CNX3FBX','01FD1DQHE344YBTFTZ81JVEJJ4','2021-08-14 13:11:46.435546'),('01FD1DQKCJWWWJFDWVPG9XE1CN','01FD1DPN4SYR7H55WAYX0MDBV5','01FD1DQJ3MTGSYQDGMX6FKADDY','2021-08-14 13:11:46.453528'),('01FD1DQKDJSHA7FRGPRT6H8MXM','01FD1DQ0BFBXHEJ2VYV5F6YG97','01FD1DQK647ETDWG20WD20G7XN','2021-08-14 13:11:46.485653'),('01FD1DQKHQRQ8WHPP76MN8DH5Y','01FD1DQEZ4BYN44GVGHR44HH08','01FD1DQKG0GCTNSG2D9FFZH494','2021-08-14 13:11:46.668146'),('01FD1DQKPQ4TVTCPNFTAXHDED3','01FD1DPMZYMWJQMX45JH22H66D','01FD1DQJ5BV3WQJKV4NB18JEZC','2021-08-14 13:11:46.809930'),('01FD1DQKS6PEDEFRMHHP088EQA','01FD1DPMZYMWJQMX45JH22H66D','01FD1DQJ3MTGSYQDGMX6FKADDY','2021-08-14 13:11:46.865309'),('01FD1DQKW5B741QM15CMK3WERG','01FD1DPN4SYR7H55WAYX0MDBV5','01FD1DQK647ETDWG20WD20G7XN','2021-08-14 13:11:46.952011'),('01FD1DQKWV2V6E8Q0EZYT5NVDG','01FD1DQ0BFBXHEJ2VYV5F6YG97','01FD1DQKG0GCTNSG2D9FFZH494','2021-08-14 13:11:46.977291'),('01FD1DQM43SVYFS8R6MH0J40S0','01FD1DPMV75DJ9ZARNWZN47W57','01FD1DQJ3MTGSYQDGMX6FKADDY','2021-08-14 13:11:47.207856'),('01FD1DQM4KHB6FJC3NGE5MNR0D','01FD1DPMV75DJ9ZARNWZN47W57','01FD1DQJ5BV3WQJKV4NB18JEZC','2021-08-14 13:11:47.228382'),('01FD1DQM6NXWG9R57QYPHFXGCX','01FD1DPN4SYR7H55WAYX0MDBV5','01FD1DQKG0GCTNSG2D9FFZH494','2021-08-14 13:11:47.293950'),('01FD1DQME3K3JH2E8MYQQJZZ43','01FD1DPMV75DJ9ZARNWZN47W57','01FD1DQK647ETDWG20WD20G7XN','2021-08-14 13:11:47.529820'),('01FD1DQMF0WYWABQ6F4BMRTXWQ','01FD1DPMTZ9PP8VSDC2CNX3FBX','01FD1DQJ5BV3WQJKV4NB18JEZC','2021-08-14 13:11:47.565112'),('01FD1DQMFTM7ZJM0G4YR1679H5','01FD1DPMTZ9PP8VSDC2CNX3FBX','01FD1DQJ3MTGSYQDGMX6FKADDY','2021-08-14 13:11:47.588983'),('01FD1DQMNAWVNJPY11PZG7MMNF','01FD1DPMTZ9PP8VSDC2CNX3FBX','01FD1DQK647ETDWG20WD20G7XN','2021-08-14 13:11:47.763289'),('01FD1DQMNE0SF73TTVT5Y8VDVA','01FD1DQKXKC2CJF36FSEV34F8Q','01FD1DQMM5J8GD0GT0BMSMJ4YP','2021-08-14 13:11:47.785544'),('01FD1DQMNJJ93D0GYBJP7NCJ5G','01FD1DQKXKC2CJF36FSEV34F8Q','01FD1DQMKBAJHCW96JPGBPMCDS','2021-08-14 13:11:47.769297'),('01FD1DQMQRW37J8QMNTVDEMBQA','01FD1DQEZ4BYN44GVGHR44HH08','01FD1DQMM5J8GD0GT0BMSMJ4YP','2021-08-14 13:11:47.835736'),('01FD1DQMQRW37J8QMNTVQ4PGTJ','01FD1DQEZ4BYN44GVGHR44HH08','01FD1DQMKBAJHCW96JPGBPMCDS','2021-08-14 13:11:47.851998'),('01FD1DQMQVW0BBM6JWB4HAPQ56','01FD1DPMV75DJ9ZARNWZN47W57','01FD1DQKG0GCTNSG2D9FFZH494','2021-08-14 13:11:47.839617'),('01FD1DQMV4S1J3NV1S99WWCG7Z','01FD1DQKXKC2CJF36FSEV34F8Q','01FD1DQMSEMXCNKZ446N34G401','2021-08-14 13:11:47.960259'),('01FD1DQMWS8Y4T64PE1D3R2PNJ','01FD1DQ0BFBXHEJ2VYV5F6YG97','01FD1DQMM5J8GD0GT0BMSMJ4YP','2021-08-14 13:11:48.009595'),('01FD1DQMWY4EVPD4BZTECPBQ19','01FD1DQ0BFBXHEJ2VYV5F6YG97','01FD1DQMKBAJHCW96JPGBPMCDS','2021-08-14 13:11:48.028577'),('01FD1DQMXQSSPBYQA6FN9X8TE6','01FD1DQEZ4BYN44GVGHR44HH08','01FD1DQMSEMXCNKZ446N34G401','2021-08-14 13:11:48.035334'),('01FD1DQN24DTWDNNAFYGDMAGT3','01FD1DPMTZ9PP8VSDC2CNX3FBX','01FD1DQKG0GCTNSG2D9FFZH494','2021-08-14 13:11:48.181269'),('01FD1DQNFMH3QRGDXCM6CPN216','01FD1DQ0BFBXHEJ2VYV5F6YG97','01FD1DQMSEMXCNKZ446N34G401','2021-08-14 13:11:48.624193'),('01FD1DQNG6MQ62D67AM8RN6XVE','01FD1DQKXKC2CJF36FSEV34F8Q','01FD1DQNEAQ9XGWPFB0CMHGWX5','2021-08-14 13:11:48.623789'),('01FD1DQNJG0RVAE9E4AAM0FRR9','01FD1DQEZ4BYN44GVGHR44HH08','01FD1DQNEAQ9XGWPFB0CMHGWX5','2021-08-14 13:11:48.692400'),('01FD1DQNJT9075Y8S83173WRAY','01FD1DPN4SYR7H55WAYX0MDBV5','01FD1DQMM5J8GD0GT0BMSMJ4YP','2021-08-14 13:11:48.714291'),('01FD1DQNKCZ4SMX9V2GXQWYAKJ','01FD1DPN4SYR7H55WAYX0MDBV5','01FD1DQMKBAJHCW96JPGBPMCDS','2021-08-14 13:11:48.733904'),('01FD1DQNR3B1HNVRTTBR55WQ1J','01FD1DQ0BFBXHEJ2VYV5F6YG97','01FD1DQNEAQ9XGWPFB0CMHGWX5','2021-08-14 13:11:48.880969'),('01FD1DQNTWECN61EBBA5J502R7','01FD1DPN4SYR7H55WAYX0MDBV5','01FD1DQMSEMXCNKZ446N34G401','2021-08-14 13:11:48.962551'),('01FD1DQNWMN50Y0BF1E83G1QEA','01FD1DPMV75DJ9ZARNWZN47W57','01FD1DQMM5J8GD0GT0BMSMJ4YP','2021-08-14 13:11:49.042691'),('01FD1DQNX412NTAVEZ6YJ78PX1','01FD1DPMV75DJ9ZARNWZN47W57','01FD1DQMKBAJHCW96JPGBPMCDS','2021-08-14 13:11:49.053768'),('01FD1DQP1MQDJZQXC8J9TY44TH','01FD1DPN4SYR7H55WAYX0MDBV5','01FD1DQNEAQ9XGWPFB0CMHGWX5','2021-08-14 13:11:49.184175'),('01FD1DQP44JS5PGRZPK11BZB0V','01FD1DPMV75DJ9ZARNWZN47W57','01FD1DQMSEMXCNKZ446N34G401','2021-08-14 13:11:49.257526'),('01FD1DQP6KAEHEXCXFZE31J2V0','01FD1DPMTZ9PP8VSDC2CNX3FBX','01FD1DQMKBAJHCW96JPGBPMCDS','2021-08-14 13:11:49.345794'),('01FD1DQP7V1K1HQ6Z4RQ4BPYE5','01FD1DPMTZ9PP8VSDC2CNX3FBX','01FD1DQMM5J8GD0GT0BMSMJ4YP','2021-08-14 13:11:49.391781'),('01FD1DQPBSKCK3JZS0C7Y6TPZH','01FD1DPMV75DJ9ZARNWZN47W57','01FD1DQNEAQ9XGWPFB0CMHGWX5','2021-08-14 13:11:49.518444'),('01FD1DQPG2Z7WSK3RHBH7A893W','01FD1DPMTZ9PP8VSDC2CNX3FBX','01FD1DQMSEMXCNKZ446N34G401','2021-08-14 13:11:49.639340'),('01FD1DQPG2Z7WSK3RHBMMGA28E','01FD1DQKXKC2CJF36FSEV34F8Q','01FD1DQPAT0997HKASDDX604ZM','2021-08-14 13:11:49.650900'),('01FD1DQPJC10RCM4X5CK88YHPY','01FD1DQKXKC2CJF36FSEV34F8Q','01FD1DQPDR0RASM3S38GXGPYXK','2021-08-14 13:11:49.718276'),('01FD1DQPM17D0P18RSXR40C0B2','01FD1DQEZ4BYN44GVGHR44HH08','01FD1DQPAT0997HKASDDX604ZM','2021-08-14 13:11:49.764718'),('01FD1DQPMR30YXJFC1CBMRZTMY','01FD1DQEZ4BYN44GVGHR44HH08','01FD1DQPDR0RASM3S38GXGPYXK','2021-08-14 13:11:49.807227'),('01FD1DQPPM99KT3HAG4Z0S569A','01FD1DQKXKC2CJF36FSEV34F8Q','01FD1DQPM5S0S4FR7X2HM0MS8S','2021-08-14 13:11:49.913085'),('01FD1DQPTP03SPW2PHJNHSBSZF','01FD1DQEZ4BYN44GVGHR44HH08','01FD1DQPM5S0S4FR7X2HM0MS8S','2021-08-14 13:11:49.994512'),('01FD1DQPV5VJ8G3EEQS7NYR8Y2','01FD1DQ0BFBXHEJ2VYV5F6YG97','01FD1DQPDR0RASM3S38GXGPYXK','2021-08-14 13:11:50.009712'),('01FD1DQPV5VJ8G3EEQS9WCHEME','01FD1DQ0BFBXHEJ2VYV5F6YG97','01FD1DQPAT0997HKASDDX604ZM','2021-08-14 13:11:49.993587'),('01FD1DQPXMAH9GJN12QMZVES2N','01FD1DPMTZ9PP8VSDC2CNX3FBX','01FD1DQNEAQ9XGWPFB0CMHGWX5','2021-08-14 13:11:50.083074'),('01FD1DQPZQY3WQJEFDPYEBDG2Z','01FD1DQ0BFBXHEJ2VYV5F6YG97','01FD1DQPM5S0S4FR7X2HM0MS8S','2021-08-14 13:11:50.143697'),('01FD1DQQ36EFZXJTG0J3F69667','01FD1DQKXKC2CJF36FSEV34F8Q','01FD1DQQ1XGENHMZ6GQKKV3SZM','2021-08-14 13:11:50.254698'),('01FD1DQQ3FM6AEA3H20WJY1G1D','01FD1DPN4SYR7H55WAYX0MDBV5','01FD1DQPAT0997HKASDDX604ZM','2021-08-14 13:11:50.261507'),('01FD1DQQ5XPSHZ3RND75Y3CE4B','01FD1DPN4SYR7H55WAYX0MDBV5','01FD1DQPDR0RASM3S38GXGPYXK','2021-08-14 13:11:50.341848'),('01FD1DQQ6AG5JC0TZ35AHGRQDM','01FD1DQEZ4BYN44GVGHR44HH08','01FD1DQQ1XGENHMZ6GQKKV3SZM','2021-08-14 13:11:50.358248'),('01FD1DQQARGW78WB8W5EVCXEKD','01FD1DPN4SYR7H55WAYX0MDBV5','01FD1DQPM5S0S4FR7X2HM0MS8S','2021-08-14 13:11:50.503922'),('01FD1DQQC1SGCHWHC405F8432A','01FD1DQ0BFBXHEJ2VYV5F6YG97','01FD1DQQ1XGENHMZ6GQKKV3SZM','2021-08-14 13:11:50.539351'),('01FD1DQQDYGD63MHE81DF064WR','01FD1DPMV75DJ9ZARNWZN47W57','01FD1DQPAT0997HKASDDX604ZM','2021-08-14 13:11:50.594050'),('01FD1DQQED69SQYWV7QZ4M6216','01FD1DPMV75DJ9ZARNWZN47W57','01FD1DQPDR0RASM3S38GXGPYXK','2021-08-14 13:11:50.653405'),('01FD1DQQQ0HBB8X31TTFRN1C43','01FD1DPMV75DJ9ZARNWZN47W57','01FD1DQPM5S0S4FR7X2HM0MS8S','2021-08-14 13:11:50.886209'),('01FD1DQQR782NSKKP8NMZYYRW4','01FD1DPN4SYR7H55WAYX0MDBV5','01FD1DQQ1XGENHMZ6GQKKV3SZM','2021-08-14 13:11:50.930379'),('01FD1DQQSR5QJW8R5EY43BGNR6','01FD1DPMTZ9PP8VSDC2CNX3FBX','01FD1DQPDR0RASM3S38GXGPYXK','2021-08-14 13:11:50.979963'),('01FD1DQQSW7WJR1Q356W42FBEX','01FD1DPMTZ9PP8VSDC2CNX3FBX','01FD1DQPAT0997HKASDDX604ZM','2021-08-14 13:11:50.993344'),('01FD1DQQX71D4XK6DDKV85T4FE','01FD1DPMTZ9PP8VSDC2CNX3FBX','01FD1DQPM5S0S4FR7X2HM0MS8S','2021-08-14 13:11:51.097463'),('01FD1DQQZ1SCDCC1X0KH2F0H1F','01FD1DPMV75DJ9ZARNWZN47W57','01FD1DQQ1XGENHMZ6GQKKV3SZM','2021-08-14 13:11:51.141113'),('01FD1DQR0CGH5P5A7EZVWSVCC2','01FD1DQKXKC2CJF36FSEV34F8Q','01FD1DQQY1V00YNP1KFR6RVEF5','2021-08-14 13:11:51.186975'),('01FD1DQR2S3J3XXBXMDVN17CEW','01FD1DQEZ4BYN44GVGHR44HH08','01FD1DQQY1V00YNP1KFR6RVEF5','2021-08-14 13:11:51.269336'),('01FD1DQR4GPF29W4ZV4Z48YD89','01FD1DQKXKC2CJF36FSEV34F8Q','01FD1DQR2FQTC44SKD3QKHRFBQ','2021-08-14 13:11:51.325149'),('01FD1DQR58A46EGQKKQ1JMP54Q','01FD1DQKXKC2CJF36FSEV34F8Q','01FD1DQR1Y6BFPJR37ZB9S6NP4','2021-08-14 13:11:51.342109'),('01FD1DQR6X198V8DK6M393RF8F','01FD1DQEZ4BYN44GVGHR44HH08','01FD1DQR2FQTC44SKD3QKHRFBQ','2021-08-14 13:11:51.394144'),('01FD1DQR76B52KP4YH3DSHNGJY','01FD1DQEZ4BYN44GVGHR44HH08','01FD1DQR1Y6BFPJR37ZB9S6NP4','2021-08-14 13:11:51.442640'),('01FD1DQR8N2CD4TE64HXH362GY','01FD1DQ0BFBXHEJ2VYV5F6YG97','01FD1DQQY1V00YNP1KFR6RVEF5','2021-08-14 13:11:51.454981'),('01FD1DQRAT8XBJG5Y8FJYX662G','01FD1DPMTZ9PP8VSDC2CNX3FBX','01FD1DQQ1XGENHMZ6GQKKV3SZM','2021-08-14 13:11:51.529957'),('01FD1DQRD094ZVV57E7Y8WY3X7','01FD1DQ0BFBXHEJ2VYV5F6YG97','01FD1DQR1Y6BFPJR37ZB9S6NP4','2021-08-14 13:11:51.594375'),('01FD1DQRDESK02K53PZ9MV2SP3','01FD1DQ0BFBXHEJ2VYV5F6YG97','01FD1DQR2FQTC44SKD3QKHRFBQ','2021-08-14 13:11:51.614184'),('01FD1DQRHHNZD5GQM4MREK37P7','01FD1DQKXKC2CJF36FSEV34F8Q','01FD1DQRF6SGVAQSD74MPFF7T6','2021-08-14 13:11:51.741267'),('01FD1DQRJ655DEEB5G7BJJ8NXR','01FD1DPN4SYR7H55WAYX0MDBV5','01FD1DQQY1V00YNP1KFR6RVEF5','2021-08-14 13:11:51.772838'),('01FD1DQRMNXR0VTYBB8XR5VABB','01FD1DQEZ4BYN44GVGHR44HH08','01FD1DQRF6SGVAQSD74MPFF7T6','2021-08-14 13:11:51.856371'),('01FD1DQRQ4GQEMCHDE7Y8TYVRP','01FD1DPN4SYR7H55WAYX0MDBV5','01FD1DQR2FQTC44SKD3QKHRFBQ','2021-08-14 13:11:51.917247'),('01FD1DQRR7A0AF3M5RGN31MMPG','01FD1DPN4SYR7H55WAYX0MDBV5','01FD1DQR1Y6BFPJR37ZB9S6NP4','2021-08-14 13:11:51.961069'),('01FD1DQRVCHWZDSJGMD2KX2TXC','01FD1DQ0BFBXHEJ2VYV5F6YG97','01FD1DQRF6SGVAQSD74MPFF7T6','2021-08-14 13:11:52.051141'),('01FD1DQRVCHWZDSJGMD5SWMGN8','01FD1DPMV75DJ9ZARNWZN47W57','01FD1DQQY1V00YNP1KFR6RVEF5','2021-08-14 13:11:52.054066'),('01FD1DQS1DAM1D01C5SYKYZEE0','01FD1DPMV75DJ9ZARNWZN47W57','01FD1DQR2FQTC44SKD3QKHRFBQ','2021-08-14 13:11:52.257551'),('01FD1DQS1HYS9Z83D4XQC8GZT7','01FD1DPMV75DJ9ZARNWZN47W57','01FD1DQR1Y6BFPJR37ZB9S6NP4','2021-08-14 13:11:52.244045'),('01FD1DQS5GWS6R380KBX4WP6DA','01FD1DPN4SYR7H55WAYX0MDBV5','01FD1DQRF6SGVAQSD74MPFF7T6','2021-08-14 13:11:52.385098'),('01FD1DQS5VP84DYEX1E3T92AG6','01FD1DPMTZ9PP8VSDC2CNX3FBX','01FD1DQQY1V00YNP1KFR6RVEF5','2021-08-14 13:11:52.384171'),('01FD1DQSF7V83AQNRQSMTYRS2P','01FD1DQKXKC2CJF36FSEV34F8Q','01FD1DQSAN6PC9TMZW7TC35YWJ','2021-08-14 13:11:52.692892'),('01FD1DQSQKWVCDP8FCJ0GB2T5V','01FD1DPMTZ9PP8VSDC2CNX3FBX','01FD1DQR2FQTC44SKD3QKHRFBQ','2021-08-14 13:11:52.959135'),('01FD1DQSRM9W845RK7PPGT7XH9','01FD1DPMTZ9PP8VSDC2CNX3FBX','01FD1DQR1Y6BFPJR37ZB9S6NP4','2021-08-14 13:11:52.984918'),('01FD1DQSS65E3EGBBQ3M7BMT0X','01FD1DQEZ4BYN44GVGHR44HH08','01FD1DQSAN6PC9TMZW7TC35YWJ','2021-08-14 13:11:53.003302'),('01FD1DQSTX6VE5CFEWHZ1J74M2','01FD1DPMV75DJ9ZARNWZN47W57','01FD1DQRF6SGVAQSD74MPFF7T6','2021-08-14 13:11:53.057095'),('01FD1DQSY5RQ7Z6GQXVSWTSNJV','01FD1DQKXKC2CJF36FSEV34F8Q','01FD1DQSW3YM855MDRFWMQFC0A','2021-08-14 13:11:53.174321'),('01FD1DQSYGH70GW387VFZP30RN','01FD1DQ0BFBXHEJ2VYV5F6YG97','01FD1DQSAN6PC9TMZW7TC35YWJ','2021-08-14 13:11:53.177629'),('01FD1DQSZWDEZWNXK108RSNCE4','01FD1DQKXKC2CJF36FSEV34F8Q','01FD1DQSWNCJYPTRAGJAPD1HCD','2021-08-14 13:11:53.228340'),('01FD1DQT1MNB8KW6S46NWK0ZT6','01FD1DQEZ4BYN44GVGHR44HH08','01FD1DQSW3YM855MDRFWMQFC0A','2021-08-14 13:11:53.274216'),('01FD1DQT3F2V81N8SMMJ0YP0XX','01FD1DQEZ4BYN44GVGHR44HH08','01FD1DQSWNCJYPTRAGJAPD1HCD','2021-08-14 13:11:53.350888'),('01FD1DQT6X04DDN98AG12TZMX6','01FD1DPMTZ9PP8VSDC2CNX3FBX','01FD1DQRF6SGVAQSD74MPFF7T6','2021-08-14 13:11:53.440146'),('01FD1DQT82MKX9V3VQ5AVSSDYN','01FD1DQ0BFBXHEJ2VYV5F6YG97','01FD1DQSW3YM855MDRFWMQFC0A','2021-08-14 13:11:53.486009'),('01FD1DQT9CZWSXPC4R08A994XE','01FD1DPN4SYR7H55WAYX0MDBV5','01FD1DQSAN6PC9TMZW7TC35YWJ','2021-08-14 13:11:53.525603'),('01FD1DQT9V48RY6HGNQCE4YFQB','01FD1DQ0BFBXHEJ2VYV5F6YG97','01FD1DQSWNCJYPTRAGJAPD1HCD','2021-08-14 13:11:53.542591'),('01FD1DQTDN05KZ9EPDTZCJDC29','01FD1DQKXKC2CJF36FSEV34F8Q','01FD1DQTB1MHE6BASDDZZS03JA','2021-08-14 13:11:53.667665'),('01FD1DQTHBXFVW5ZVNVS3PRA9G','01FD1DQEZ4BYN44GVGHR44HH08','01FD1DQTB1MHE6BASDDZZS03JA','2021-08-14 13:11:53.782962'),('01FD1DQTSZ0V9WG8S695F2FV61','01FD1DPN4SYR7H55WAYX0MDBV5','01FD1DQSW3YM855MDRFWMQFC0A','2021-08-14 13:11:54.057345'),('01FD1DQTTWKCFWWAJ5Y205Q8JB','01FD1DPN4SYR7H55WAYX0MDBV5','01FD1DQSWNCJYPTRAGJAPD1HCD','2021-08-14 13:11:54.277763'),('01FD1DQTV1EQ4E89927MGPPH8X','01FD1DPMV75DJ9ZARNWZN47W57','01FD1DQSAN6PC9TMZW7TC35YWJ','2021-08-14 13:11:54.084082'),('01FD1DQV6SFCJ311BVP4604R8F','01FD1DQ0BFBXHEJ2VYV5F6YG97','01FD1DQTB1MHE6BASDDZZS03JA','2021-08-14 13:11:54.484184'),('01FD1DQVARK31EGDHRVGYFV88R','01FD1DPMV75DJ9ZARNWZN47W57','01FD1DQSW3YM855MDRFWMQFC0A','2021-08-14 13:11:54.619445'),('01FD1DQVBCHM14ER3736N8M55C','01FD1DPMV75DJ9ZARNWZN47W57','01FD1DQSWNCJYPTRAGJAPD1HCD','2021-08-14 13:11:54.631930'),('01FD1DQVBMD0GW9GR51BBMD6SB','01FD1DPMTZ9PP8VSDC2CNX3FBX','01FD1DQSAN6PC9TMZW7TC35YWJ','2021-08-14 13:11:54.623069'),('01FD1DQVGJYK0S6KP197PQF2FB','01FD1DQVD8SQDMJZQ6F3683RYQ','01FD1DQVFPG4M5FWCF261ERW89','2021-08-14 13:11:54.784378'),('01FD1DQVHTS4HWG3347G3BQX2N','01FD1DPN4SYR7H55WAYX0MDBV5','01FD1DQTB1MHE6BASDDZZS03JA','2021-08-14 13:11:54.826236'),('01FD1DQVJJ4NJRRS7XP7ZTGJBC','01FD1DQKXKC2CJF36FSEV34F8Q','01FD1DQVFPG4M5FWCF261ERW89','2021-08-14 13:11:54.859889'),('01FD1DQVNT87MMZ3YYJK00BW4V','01FD1DQEZ4BYN44GVGHR44HH08','01FD1DQVFPG4M5FWCF261ERW89','2021-08-14 13:11:54.954307'),('01FD1DQVP5CTZ2V9BP4PR496KV','01FD1DPMTZ9PP8VSDC2CNX3FBX','01FD1DQSW3YM855MDRFWMQFC0A','2021-08-14 13:11:54.956065'),('01FD1DQVQJSGHBRRWSWSY4RF81','01FD1DPMTZ9PP8VSDC2CNX3FBX','01FD1DQSWNCJYPTRAGJAPD1HCD','2021-08-14 13:11:55.007169'),('01FD1DQWDPQW0VTK9544XRZ3AR','01FD1DQVD8SQDMJZQ6F3683RYQ','01FD1DQWCA31Q288MHQ5NKFD9W','2021-08-14 13:11:55.716691'),('01FD1DQWF98B5NB9AGPF1SA0MQ','01FD1DQKXKC2CJF36FSEV34F8Q','01FD1DQWCA31Q288MHQ5NKFD9W','2021-08-14 13:11:55.757019'),('01FD1DQWFV3S5B7E1R615DXY5Z','01FD1DQ0BFBXHEJ2VYV5F6YG97','01FD1DQVFPG4M5FWCF261ERW89','2021-08-14 13:11:55.780114'),('01FD1DQWJABWQM8FEWARNVKME8','01FD1DQVD8SQDMJZQ6F3683RYQ','01FD1DQWGCFWQRN6PY0W8N1DTV','2021-08-14 13:11:55.859846'),('01FD1DQWJSFTA0DGE1N6QY8JEM','01FD1DQEZ4BYN44GVGHR44HH08','01FD1DQWCA31Q288MHQ5NKFD9W','2021-08-14 13:11:55.874167'),('01FD1DQWMH1V554P8N66CH20BT','01FD1DQKXKC2CJF36FSEV34F8Q','01FD1DQWGCFWQRN6PY0W8N1DTV','2021-08-14 13:11:55.938783'),('01FD1DQWQAAW3MMZDM9KRWM4TZ','01FD1DQ0BFBXHEJ2VYV5F6YG97','01FD1DQWCA31Q288MHQ5NKFD9W','2021-08-14 13:11:56.026470'),('01FD1DQWR34DT171TFKNVHF8AM','01FD1DPN4SYR7H55WAYX0MDBV5','01FD1DQVFPG4M5FWCF261ERW89','2021-08-14 13:11:56.441895'),('01FD1DQXAWTM6PJ4CG00C1JZPJ','01FD1DQEZ4BYN44GVGHR44HH08','01FD1DQWGCFWQRN6PY0W8N1DTV','2021-08-14 13:11:56.654568'),('01FD1DQXFFNTGKEDHMZ4WAHVX5','01FD1DQVD8SQDMJZQ6F3683RYQ','01FD1DQWNBPK02P5WEKYBET61A','2021-08-14 13:11:56.788506'),('01FD1DQYBJSSRVZK2HCE8M7GVK','01FD1DQKXKC2CJF36FSEV34F8Q','01FD1DQWNBPK02P5WEKYBET61A','2021-08-14 13:11:57.692979'),('01FD1DQYEPKK7MBHK525KCG502','01FD1DQ0BFBXHEJ2VYV5F6YG97','01FD1DQWGCFWQRN6PY0W8N1DTV','2021-08-14 13:11:57.791553'),('01FD1DQYF3MGHS3D32AFWP7VGX','01FD1DQEZ4BYN44GVGHR44HH08','01FD1DQWNBPK02P5WEKYBET61A','2021-08-14 13:11:57.817836'),('01FD1DQYJ62VJQF0A38BKSGA84','01FD1DPMTZ9PP8VSDC2CNX3FBX','01FD1DQVFPG4M5FWCF261ERW89','2021-08-14 13:11:57.906709'),('01FD1DQYNJ4W0ETTMR9EP02QF8','01FD1DQ0BFBXHEJ2VYV5F6YG97','01FD1DQWNBPK02P5WEKYBET61A','2021-08-14 13:11:58.010963'),('01FD1DQYNSGMKYA2B1ZC1AT4JM','01FD1DQVD8SQDMJZQ6F3683RYQ','01FD1DQYM1QT3HXZDRD59BAD3R','2021-08-14 13:11:58.032035'),('01FD1DQYTRWTV3S8CT5E2RRC0S','01FD1DPN4SYR7H55WAYX0MDBV5','01FD1DQWGCFWQRN6PY0W8N1DTV','2021-08-14 13:11:58.229283'),('01FD1DQYX7HZT45ZBS0M5D14AA','01FD1DQVD8SQDMJZQ6F3683RYQ','01FD1DQYPHMT8E8ZAEN36H5AMW','2021-08-14 13:11:58.285553'),('01FD1DQYZBWAX99J82YYB80YYT','01FD1DQKXKC2CJF36FSEV34F8Q','01FD1DQYM1QT3HXZDRD59BAD3R','2021-08-14 13:11:58.324972'),('01FD1DQZ3W74E9HFZ1W36DPVT2','01FD1DQKXKC2CJF36FSEV34F8Q','01FD1DQYPHMT8E8ZAEN36H5AMW','2021-08-14 13:11:58.477252'),('01FD1DQZ5PY5SG2BTD6R5W329D','01FD1DQEZ4BYN44GVGHR44HH08','01FD1DQYM1QT3HXZDRD59BAD3R','2021-08-14 13:11:58.523051'),('01FD1DQZ7ZTFGFMGK52FDGQP43','01FD1DPN4SYR7H55WAYX0MDBV5','01FD1DQWNBPK02P5WEKYBET61A','2021-08-14 13:11:58.600761'),('01FD1DQZ84YBMZDCQC44JXV704','01FD1DQEZ4BYN44GVGHR44HH08','01FD1DQYPHMT8E8ZAEN36H5AMW','2021-08-14 13:11:58.612652'),('01FD1DQZCC1G7DCQ8G4D3A25ZC','01FD1DQ0BFBXHEJ2VYV5F6YG97','01FD1DQYM1QT3HXZDRD59BAD3R','2021-08-14 13:11:58.962137'),('01FD1DQZCFNYVZC5PMSB9HY0DV','01FD1DPMTZ9PP8VSDC2CNX3FBX','01FD1DQWGCFWQRN6PY0W8N1DTV','2021-08-14 13:11:58.740186'),('01FD1DQZNK4H4XYXYYSFA09P4H','01FD1DQ0BFBXHEJ2VYV5F6YG97','01FD1DQYPHMT8E8ZAEN36H5AMW','2021-08-14 13:11:59.036891'),('01FD1DQZSHXCV0Q78G5EAK5RXW','01FD1DQVD8SQDMJZQ6F3683RYQ','01FD1DQZPX2WFS5M5V1WFE8EK8','2021-08-14 13:11:59.169331'),('01FD1DQZTPC67MK6PNW7ZX0RBB','01FD1DPMTZ9PP8VSDC2CNX3FBX','01FD1DQWNBPK02P5WEKYBET61A','2021-08-14 13:11:59.209434'),('01FD1DQZWWR6763CYS2SJBJGFE','01FD1DQKXKC2CJF36FSEV34F8Q','01FD1DQZPX2WFS5M5V1WFE8EK8','2021-08-14 13:11:59.264379'),('01FD1DQZY88SED5QHVQ771R7B1','01FD1DPN4SYR7H55WAYX0MDBV5','01FD1DQYM1QT3HXZDRD59BAD3R','2021-08-14 13:11:59.320324'),('01FD1DQZZZVMNWB7FZ12W5MQHE','01FD1DQEZ4BYN44GVGHR44HH08','01FD1DQZPX2WFS5M5V1WFE8EK8','2021-08-14 13:11:59.377604'),('01FD1DR01ZSNGMV1D4Z4WZXVGH','01FD1DQVD8SQDMJZQ6F3683RYQ','01FD1DQZZ1X0N56Q6X2RDZZ5YY','2021-08-14 13:11:59.444510'),('01FD1DR03KTN80NE11BM2880K7','01FD1DPN4SYR7H55WAYX0MDBV5','01FD1DQYPHMT8E8ZAEN36H5AMW','2021-08-14 13:11:59.483001'),('01FD1DR06H1D5Q50XH00STQWV6','01FD1DQKXKC2CJF36FSEV34F8Q','01FD1DQZZ1X0N56Q6X2RDZZ5YY','2021-08-14 13:11:59.584945'),('01FD1DR08G1JJ4TMFGS0BWZ76R','01FD1DQ0BFBXHEJ2VYV5F6YG97','01FD1DQZPX2WFS5M5V1WFE8EK8','2021-08-14 13:11:59.657805'),('01FD1DR0B3XVSTDK23QC48XKBQ','01FD1DPMTZ9PP8VSDC2CNX3FBX','01FD1DQYM1QT3HXZDRD59BAD3R','2021-08-14 13:11:59.720864'),('01FD1DR0BQG8MEETVCXXEVCQ3A','01FD1DPMTZ9PP8VSDC2CNX3FBX','01FD1DQYPHMT8E8ZAEN36H5AMW','2021-08-14 13:11:59.842287'),('01FD1DR0HDFR2ZMSK78BRD0XYJ','01FD1DQEZ4BYN44GVGHR44HH08','01FD1DQZZ1X0N56Q6X2RDZZ5YY','2021-08-14 13:11:59.925378'),('01FD1DR0PBKPZAA1EFCZXHZMPW','01FD1DQ0BFBXHEJ2VYV5F6YG97','01FD1DQZZ1X0N56Q6X2RDZZ5YY','2021-08-14 13:12:00.079392'),('01FD1DR0PK7WES407Z1EJZY2ND','01FD1DPN4SYR7H55WAYX0MDBV5','01FD1DQZPX2WFS5M5V1WFE8EK8','2021-08-14 13:12:00.086043'),('01FD1DR0X9A9X1HXA16CE1V4BY','01FD1DQVD8SQDMJZQ6F3683RYQ','01FD1DR0J9W4H8V4V88113H5XD','2021-08-14 13:12:00.313934'),('01FD1DR0Y14XD00ZSJQX7QVFHV','01FD1DQVD8SQDMJZQ6F3683RYQ','01FD1DR0K0TY137H1Z5FDZQKMX','2021-08-14 13:12:01.127527'),('01FD1DR13KZD5SHV2WK329S67C','01FD1DPMTZ9PP8VSDC2CNX3FBX','01FD1DQZPX2WFS5M5V1WFE8EK8','2021-08-14 13:12:00.505829'),('01FD1DR1483JWNVZPTTBKTP0NR','01FD1DPN4SYR7H55WAYX0MDBV5','01FD1DQZZ1X0N56Q6X2RDZZ5YY','2021-08-14 13:12:00.523621'),('01FD1DR1TQ1AJ9DF8FWYRQKFAZ','01FD1DQKXKC2CJF36FSEV34F8Q','01FD1DR0J9W4H8V4V88113H5XD','2021-08-14 13:12:01.249480'),('01FD1DR1TRGH5KGN0HH9RNY350','01FD1DQKXKC2CJF36FSEV34F8Q','01FD1DR0K0TY137H1Z5FDZQKMX','2021-08-14 13:12:01.314542'),('01FD1DR25S25PED3V1EPZ41ENS','01FD1DQEZ4BYN44GVGHR44HH08','01FD1DR0J9W4H8V4V88113H5XD','2021-08-14 13:12:01.627496'),('01FD1DR28YG4GNH2MZWAG0K3YB','01FD1DQEZ4BYN44GVGHR44HH08','01FD1DR0K0TY137H1Z5FDZQKMX','2021-08-14 13:12:01.732745'),('01FD1DR2D4P9VXWDDBJ4HCV7X8','01FD1DPMTZ9PP8VSDC2CNX3FBX','01FD1DQZZ1X0N56Q6X2RDZZ5YY','2021-08-14 13:12:01.868990'),('01FD1DR2Y9P3GQ9PDGWWX8TXSW','01FD1DQ0BFBXHEJ2VYV5F6YG97','01FD1DR0J9W4H8V4V88113H5XD','2021-08-14 13:12:02.478831'),('01FD1DR33Q59PE757XX06ZR8KS','01FD1DQ0BFBXHEJ2VYV5F6YG97','01FD1DR0K0TY137H1Z5FDZQKMX','2021-08-14 13:12:02.558845'),('01FD1DR3VG43ZMY77Q5J3HMBV9','01FD1DPN4SYR7H55WAYX0MDBV5','01FD1DR0J9W4H8V4V88113H5XD','2021-08-14 13:12:03.317666'),('01FD1DR3W3J7NY7R24637ZBS9Q','01FD1DPN4SYR7H55WAYX0MDBV5','01FD1DR0K0TY137H1Z5FDZQKMX','2021-08-14 13:12:03.338515'),('01FD1DR490GEM8CCV0E8WHW23K','01FD1DPMTZ9PP8VSDC2CNX3FBX','01FD1DR0J9W4H8V4V88113H5XD','2021-08-14 13:12:03.757460'),('01FD1DR49HQTSR19D515HGMW1F','01FD1DPMTZ9PP8VSDC2CNX3FBX','01FD1DR0K0TY137H1Z5FDZQKMX','2021-08-14 13:12:03.769692');
/*!40000 ALTER TABLE `reservations` ENABLE KEYS */;
UNLOCK TABLES;

--
-- Table structure for table `schedules`
--

DROP TABLE IF EXISTS `schedules`;
/*!40101 SET @saved_cs_client     = @@character_set_client */;
/*!50503 SET character_set_client = utf8mb4 */;
CREATE TABLE `schedules` (
  `id` varchar(255) NOT NULL,
  `title` varchar(255) NOT NULL DEFAULT '',
  `capacity` int unsigned NOT NULL DEFAULT '0',
  `created_at` datetime(6) NOT NULL,
  PRIMARY KEY (`id`)
) ENGINE=InnoDB DEFAULT CHARSET=utf8mb4 COLLATE=utf8mb4_0900_ai_ci;
/*!40101 SET character_set_client = @saved_cs_client */;

--
-- Dumping data for table `schedules`
--

LOCK TABLES `schedules` WRITE;
/*!40000 ALTER TABLE `schedules` DISABLE KEYS */;
INSERT INTO `schedules` VALUES ('01FD1DPMTZ9PP8VSDC2CNX3FBX','2021-08-15 ',119,'2021-08-14 13:11:15.167891'),('01FD1DPMV75DJ9ZARNWZN47W57','2021-08-16 ',104,'2021-08-14 13:11:15.178548'),('01FD1DPMZX82WV27GBPRBYB1CT','2021-08-18 ',77,'2021-08-14 13:11:15.329488'),('01FD1DPMZYMWJQMX45JH22H66D','2021-08-17 ',88,'2021-08-14 13:11:15.339076'),('01FD1DPN4SYR7H55WAYX0MDBV5','2021-08-19 ',118,'2021-08-14 13:11:15.482275'),('01FD1DPN58G49J26BV1XTYZRCX','2021-08-20 ',45,'2021-08-14 13:11:15.497145'),('01FD1DQ0BFBXHEJ2VYV5F6YG97','2021-08-21 ',98,'2021-08-14 13:11:26.962202'),('01FD1DQEZ4BYN44GVGHR44HH08','2021-08-22 ',109,'2021-08-14 13:11:41.928786'),('01FD1DQKXKC2CJF36FSEV34F8Q','2021-08-23 ',104,'2021-08-14 13:11:46.997369'),('01FD1DQVD8SQDMJZQ6F3683RYQ','2021-08-24 ',102,'2021-08-14 13:11:54.665264');
/*!40000 ALTER TABLE `schedules` ENABLE KEYS */;
UNLOCK TABLES;

--
-- Table structure for table `users`
--

DROP TABLE IF EXISTS `users`;
/*!40101 SET @saved_cs_client     = @@character_set_client */;
/*!50503 SET character_set_client = utf8mb4 */;
CREATE TABLE `users` (
  `id` varchar(255) NOT NULL,
  `email` varchar(255) NOT NULL DEFAULT '',
  `nickname` varchar(120) NOT NULL DEFAULT '',
  `staff` tinyint(1) NOT NULL DEFAULT '0',
  `created_at` datetime(6) NOT NULL,
  PRIMARY KEY (`id`)
) ENGINE=InnoDB DEFAULT CHARSET=utf8mb4 COLLATE=utf8mb4_0900_ai_ci;
/*!40101 SET character_set_client = @saved_cs_client */;

--
-- Dumping data for table `users`
--

LOCK TABLES `users` WRITE;
/*!40000 ALTER TABLE `users` DISABLE KEYS */;
INSERT INTO `users` VALUES ('01FD1DPMMYY8WECHQ1Z71VACX4','isucon2021_prior@isucon.net','isucon',1,'2021-08-14 13:11:14.983308'),('01FD1DPMTPAS1CSGB2H1N797CV','4-kamille@weissnatgerhold.org','Grayce Goldner MD',0,'2021-08-14 13:11:15.159259'),('01FD1DPMTQM0B1YRBTE43J885J','2-douglas_hermann@hettingermueller.info','Dr. Abigail Kunze',0,'2021-08-14 13:11:15.161245'),('01FD1DPMTWWTHGV7X5DA9VQN0H','1-magnus@ferry.com','Chelsie Windler',0,'2021-08-14 13:11:15.166304'),('01FD1DPMV26KDHJRCEVZPMK0DR','3-rex@yundthauck.name','Regan Rutherford',0,'2021-08-14 13:11:15.172251'),('01FD1DPN06HH6N0PEQC6BNQYJF','5-ali@bartoletti.net','Zane Bahringer',0,'2021-08-14 13:11:15.336526'),('01FD1DPN0CA2ST5VW9HXQP8EMH','6-kian_dibbert@stantonmacejkovic.org','Laurianne Berge',0,'2021-08-14 13:11:15.342431'),('01FD1DPN84Y95D6T6GZ484DTGV','7-bud_howell@nolanbarton.com','Aylin Kiehn DVM',0,'2021-08-14 13:11:15.590133'),('01FD1DPN9Q0F3T4N2YB240D0TQ','8-hobart_beier@mccullough.com','Delpha Rosenbaum',0,'2021-08-14 13:11:15.640022'),('01FD1DPNAFKTRTB8QN08D4FPV4','9-tyree_fadel@kilback.name','Lysanne Hintz',0,'2021-08-14 13:11:15.665681'),('01FD1DPNDDJZRD566GCF0BBHCJ','10-octavia@ortiz.name','Layla Cartwright',0,'2021-08-14 13:11:15.759454'),('01FD1DPNNG19XKMDWJY3K17NY7','11-daniela@jaskolski.biz','Mr. Myrna Fisher',0,'2021-08-14 13:11:16.017780'),('01FD1DPNNYAP5SPXEBV8GPVWJR','12-mallory@gloverpfeffer.net','Duane Christiansen I',0,'2021-08-14 13:11:16.032509'),('01FD1DPNQD16K3FYR2D52VZ8JG','13-dena@hermiston.name','Amya Jerde',0,'2021-08-14 13:11:16.079168'),('01FD1DPNS89RNFK30X4M88N160','14-mary_wuckert@cummerata.com','Reina Erdman',0,'2021-08-14 13:11:16.141927'),('01FD1DPPPAFRPGVKJVX5ZSPF4P','15-gretchen@will.info','Wade Baumbach',0,'2021-08-14 13:11:17.066622'),('01FD1DPPQ1YYGNEEBSQR5XJ5PB','16-gilbert_cronin@mertzmcclure.name','Domingo Jakubowski I',0,'2021-08-14 13:11:17.093868'),('01FD1DPPR22FC8H0WZKCQ2YABK','17-elton@mertz.info','Wilbert Blanda',0,'2021-08-14 13:11:17.122583'),('01FD1DPPWMJ5XBF0M9S05CNJHJ','18-henriette@kris.net','Ezekiel Zieme III',0,'2021-08-14 13:11:17.268627'),('01FD1DPQ7ZHARP75S734PD2KEW','19-zelda@stokesthiel.biz','Maxwell Cormier',0,'2021-08-14 13:11:17.632320'),('01FD1DPQ8K51CANPQ5B5H4VWYN','20-meaghan_toy@hammes.biz','Ebba Prosacco',0,'2021-08-14 13:11:17.652549'),('01FD1DPQHGJ3XVNPPBY3ZCQZ5P','21-blanca@abshire.org','Tess Wolff',0,'2021-08-14 13:11:17.938350'),('01FD1DPQQX5XS2K70XN191PA8N','22-mozelle.abernathy@okon.info','Mr. Adriel Kreiger',0,'2021-08-14 13:11:18.141635'),('01FD1DPR4T1Y3SS3NKSWCFFDG8','23-alejandra.nicolas@durganbaumbach.net','Allison McGlynn MD',0,'2021-08-14 13:11:18.555151'),('01FD1DPR5FFR59D30NH7QA4SDJ','24-sedrick@jacobson.org','Tracy Ryan',0,'2021-08-14 13:11:18.576875'),('01FD1DPR62QEGQ4EPG2DQHFP67','25-jeremy@schuster.net','Tamara Ziemann I',0,'2021-08-14 13:11:18.597688'),('01FD1DPR8HR6RSET93ZZ0JGPH8','26-river_effertz@morar.com','Pearline Jerde',0,'2021-08-14 13:11:18.675174'),('01FD1DPR9SCREQEY1QEQE8NP2Q','27-marjolaine.weimann@reichert.biz','Dr. Melba Steuber',0,'2021-08-14 13:11:18.713665'),('01FD1DPS7SZKZVR4JKDVPB0PVQ','28-esteban_hintz@breitenberg.org','Romaine Schulist',0,'2021-08-14 13:11:19.675467'),('01FD1DPS9RVX84Z35X91DG1ZTH','29-willie.ruecker@dibbertlittel.biz','Zelda Stark Jr.',0,'2021-08-14 13:11:19.740898'),('01FD1DPS9V4SPPX3V42N02GB0X','30-kurt_spinka@koss.name','Alfonso Bednar',0,'2021-08-14 13:11:19.741539'),('01FD1DPSBRDSBNBQK7PTXSCTHA','32-cordell.murphy@cronin.org','Nicholas Runolfsdottir',0,'2021-08-14 13:11:19.801301'),('01FD1DPSBW61GW9E2ZY6KKFYDR','31-kayley_boyle@abernathy.info','Bradford Runolfsson',0,'2021-08-14 13:11:19.805931'),('01FD1DPT3W9F4NY3TD5Z77AS6Q','33-karina.schmidt@waters.net','Chyna Schneider',0,'2021-08-14 13:11:20.572998'),('01FD1DPT7QGXDEZBY75Y9723ZS','34-hobart@cruickshank.org','Mrs. Katelyn Daniel',0,'2021-08-14 13:11:20.704346'),('01FD1DPTC2QBB919EX8YK5XPHC','35-ruby_borer@bernhardrempel.info','Luther Ratke',0,'2021-08-14 13:11:20.842511'),('01FD1DPTDJQTD3GMB6X2VZPYDF','36-ariel@bruen.org','Chesley Powlowski',0,'2021-08-14 13:11:20.892709'),('01FD1DPV4HQ54RYW8ZES7TE217','37-lera.boyer@sporer.net','Evangeline Bailey',0,'2021-08-14 13:11:21.618299'),('01FD1DPV6R5YFYSBHPMBSCE5JT','38-harold@rathhilll.com','Mrs. Laurianne Koepp',0,'2021-08-14 13:11:21.689258'),('01FD1DPV8Z5QAZXGRSKZH58SA2','39-alvera.pfannerstill@tremblay.org','Kailey Schowalter',0,'2021-08-14 13:11:21.770327'),('01FD1DPVAG8Z3RN7FEDG0T5MV7','40-lottie_morissette@trantowdare.com','Ms. Stewart Becker',0,'2021-08-14 13:11:21.809360'),('01FD1DPWVAV54A33VPMME0P58Z','41-caden@roob.biz','Lila Fritsch',0,'2021-08-14 13:11:23.371912'),('01FD1DPWZFP3RB65NC41R93GWT','42-montana@nader.info','Joelle Walsh',0,'2021-08-14 13:11:23.503827'),('01FD1DPX49MBD3B453SJ50P1VD','43-chad@hills.name','Sigrid Dare',0,'2021-08-14 13:11:23.661093'),('01FD1DPX63JG5CW52WJ5TGKK24','44-keaton_mccullough@boylecronin.net','Elmore Feest',0,'2021-08-14 13:11:23.715443'),('01FD1DPXV8EBMSEG3QSR3G9GQZ','45-kaela@swiftboyer.net','Saul Dooley',0,'2021-08-14 13:11:24.393291'),('01FD1DPYH3B6BVYRNA0RNXPXFH','46-melody_toy@luettgen.com','Nyah Klein',0,'2021-08-14 13:11:25.091860'),('01FD1DPYHB7M1ZZ7M0SKD1KENA','47-thora_larson@kerlukewindler.net','Dr. Eliseo Schinner',0,'2021-08-14 13:11:25.100059'),('01FD1DPYNCZ9BEJ1X0C5AQ48JJ','48-stuart@ortizbailey.com','Ursula Cormier IV',0,'2021-08-14 13:11:25.229278'),('01FD1DPZEX0QK7FT3Y74SVXNGC','49-malika@abshire.biz','Brock O\'Kon',0,'2021-08-14 13:11:26.058483'),('01FD1DQ02XGJ22C9GFRE31J6CH','50-rafaela_hackett@becker.info','Madonna Lesch Jr.',0,'2021-08-14 13:11:26.686260'),('01FD1DQ03F6YW6PW4173S8CM33','51-cleta.christiansen@donnelly.org','Francesco Reinger',0,'2021-08-14 13:11:26.705086'),('01FD1DQ03X6QBZA77XT9EBGS8Z','52-zena.haley@cronin.info','Opal Langworth',0,'2021-08-14 13:11:26.720065'),('01FD1DQ0TXPJS8H0AJM7KGB6VH','53-jacey.wyman@von.org','Mr. Mylene Mertz',0,'2021-08-14 13:11:27.455709'),('01FD1DQ1ECM0DWA9MW8DE6KRYD','54-aylin.runolfsdottir@schiller.org','Thalia Williamson',0,'2021-08-14 13:11:28.079803'),('01FD1DQ1ETNG767Q4HJG72M1KG','55-madalyn@parisian.net','Ladarius Bode',0,'2021-08-14 13:11:28.092221'),('01FD1DQ1F1R1VV87EE0SQQ6W27','56-jess.friesen@tromp.biz','Keshawn Smith',0,'2021-08-14 13:11:28.101469'),('01FD1DQ20RE6MNKB0M6CSPJJZE','57-ursula.runolfsson@lubowitzfranecki.org','Gail Hoeger MD',0,'2021-08-14 13:11:28.665301'),('01FD1DQ2G3RQ2C1VC4746PG7T0','58-harmony@trantow.info','Tremayne Hoeger',0,'2021-08-14 13:11:29.155939'),('01FD1DQ2H0QEY0DY3PQPWT39M0','59-annie@smith.org','Dakota Walter',0,'2021-08-14 13:11:29.187815'),('01FD1DQ2HP3N41G4HM01KFVCYH','60-sincere.marvin@kautzeraltenwerth.net','Camilla Metz',0,'2021-08-14 13:11:29.207398'),('01FD1DQ31JZEGDXGVQ4X50QHZZ','61-jessy@littlerau.org','Sedrick Mante',0,'2021-08-14 13:11:29.715427'),('01FD1DQ3M73AE7ECMXCQVVREWF','62-lilly_senger@marvinwintheiser.org','Adolph Paucek II',0,'2021-08-14 13:11:30.313814'),('01FD1DQ3ZAYKB2VNTTFD3A2BMA','64-cameron_muller@stracke.name','Jasmin Kemmer',0,'2021-08-14 13:11:30.668975'),('01FD1DQ3ZF8VYS58SE19YDKNWH','63-keegan_braun@jast.com','Ms. Rosemarie Fay',0,'2021-08-14 13:11:30.672226'),('01FD1DQ4K0MNC6915YTWB68ZV7','65-jude_o\'connell@lakinjewess.com','Ryley Conn',0,'2021-08-14 13:11:31.297720'),('01FD1DQ4YVDBT4WBYNATYR43ZX','66-aimee@jaskolskihuels.name','Drew Kutch',0,'2021-08-14 13:11:31.675759'),('01FD1DQ65Y83N2FPNNFZQKKDXC','67-carolina@lakin.org','Carleton Emmerich',0,'2021-08-14 13:11:32.928923'),('01FD1DQ697PG8617WHVWK9961R','68-ike_schmeler@franecki.name','Dewitt Kuhic',0,'2021-08-14 13:11:33.041345'),('01FD1DQ6EQT0AHWS3A1ZF1QQTV','69-meredith@parker.org','Elza Murray',0,'2021-08-14 13:11:33.209146'),('01FD1DQ6X5GQMXCHHFTAZVRY4R','70-nelda@champlinziemann.org','Oda Waters',0,'2021-08-14 13:11:33.672022'),('01FD1DQ7NMEVDBQH2XB9F30RJN','71-alexandrine@konopelski.info','Jaycee Cassin',0,'2021-08-14 13:11:34.453144'),('01FD1DQ7WY910C4K8BV74A45EA','72-sim@swaniawski.biz','Woodrow Wilderman IV',0,'2021-08-14 13:11:34.687177'),('01FD1DQ7XHMKKD5VEQFY90MSJ5','73-neva@lesch.biz','Kenneth Bosco',0,'2021-08-14 13:11:34.707676'),('01FD1DQ81HAHR3H4926EG00JEJ','74-julie_harvey@wolf.name','Frank Orn',0,'2021-08-14 13:11:34.835003'),('01FD1DQ85GJBHAFJJREJCRTZN6','75-riley@effertz.org','Nova King',0,'2021-08-14 13:11:34.961687'),('01FD1DQ88468R16Q7R08ZDQEY0','76-mackenzie@schaefer.biz','Carson Wolff',0,'2021-08-14 13:11:35.044596'),('01FD1DQ8VBMJ9PAYBJY50WWF6X','77-rosamond.cronin@leffler.name','Linnie Welch',0,'2021-08-14 13:11:35.661578'),('01FD1DQ9ETBR8S82ER4N64FP8P','78-asha@lubowitzpagac.org','Lavern Mante',0,'2021-08-14 13:11:36.283971'),('01FD1DQ9ZEK14Y7GZJ7RW03E82','79-adriel.predovic@hirthe.info','Josie Abshire I',0,'2021-08-14 13:11:36.814965'),('01FD1DQA35ESFV14V7N6WQK3K4','80-durward@hyatt.info','Ike Purdy',0,'2021-08-14 13:11:36.948126'),('01FD1DQAWQWD20ZAG6GYD3ANHR','81-rhoda.price@kerlukekeeling.net','Jarod Bednar Jr.',0,'2021-08-14 13:11:37.753767'),('01FD1DQB18RRQKX82A3JM1KQXE','82-osborne@fahey.name','Elyse Runolfsdottir',0,'2021-08-14 13:11:37.896764'),('01FD1DQB5DJVWRZN76A587AFV9','83-patricia@flatley.org','Titus Watsica',0,'2021-08-14 13:11:38.031521'),('01FD1DQBKBH7XPRC24YQYQ96R5','84-vallie.lubowitz@metz.net','Marlon Gulgowski II',0,'2021-08-14 13:11:38.476659'),('01FD1DQBQDTY8N7ZSBCAPT9GS0','85-coty_rodriguez@strosin.info','Ethyl Yost',0,'2021-08-14 13:11:38.606321'),('01FD1DQD1X6K99FV6N8260Q9KG','86-einar.frami@steuber.info','Miss Ivory Runte',0,'2021-08-14 13:11:39.968414'),('01FD1DQD2XABRPCB1W8EEAAEB6','87-haley.armstrong@heaney.info','Mack Schiller',0,'2021-08-14 13:11:40.000853'),('01FD1DQDGYT2JDCP898356ZB6V','88-gabriella.bartell@kerlukecremin.org','Guy Reilly Sr.',0,'2021-08-14 13:11:40.449441'),('01FD1DQDSBHKB70ZHXHYEFH78E','89-mervin@kunde.name','Maryjane Zemlak',0,'2021-08-14 13:11:40.715696'),('01FD1DQEY8RRGDN6RC35HHTJ3Y','90-janelle.bashirian@shanahan.biz','Nash Roob',0,'2021-08-14 13:11:41.897269'),('01FD1DQEYT7VAGQP5WNZM6CEWM','91-elias_douglas@huelshomenick.info','Adolphus Crist',0,'2021-08-14 13:11:41.916010'),('01FD1DQFF90W414B08N6SFFB1J','92-julien@mitchell.net','Terrance Bartell',0,'2021-08-14 13:11:42.442969'),('01FD1DQFP0R7PWCWZNQBQJZ8PJ','93-geoffrey_murray@green.org','Shaniya Okuneva',0,'2021-08-14 13:11:42.658806'),('01FD1DQG75NWRES4ZMJCWT4342','94-maria@morar.biz','Catherine McDermott',0,'2021-08-14 13:11:43.206347'),('01FD1DQG839XQN8HGZS7EZY4JA','95-etha@mcculloughrobel.com','Boyd Weber',0,'2021-08-14 13:11:43.237928'),('01FD1DQGX7EMW299YWX9XEYYFM','96-shayne_runte@langoshcassin.biz','Molly McDermott',0,'2021-08-14 13:11:43.916456'),('01FD1DQHE344YBTFTZ81JVEJJ4','97-celestine@haley.biz','Garett Koch',0,'2021-08-14 13:11:44.452866'),('01FD1DQJ3MTGSYQDGMX6FKADDY','98-darren_conroy@russel.org','Vernie Terry MD',0,'2021-08-14 13:11:45.142356'),('01FD1DQJ5BV3WQJKV4NB18JEZC','99-mellie@denesik.org','Jarret Harris III',0,'2021-08-14 13:11:45.196397'),('01FD1DQK647ETDWG20WD20G7XN','100-brenden@okuneva.biz','Ashlee Lindgren',0,'2021-08-14 13:11:46.246485'),('01FD1DQKG0GCTNSG2D9FFZH494','101-glenda.bernier@schmeler.biz','Clinton Ebert',0,'2021-08-14 13:11:46.561443'),('01FD1DQMKBAJHCW96JPGBPMCDS','102-ambrose.koss@kreiger.info','Juliet Kilback',0,'2021-08-14 13:11:47.692838'),('01FD1DQMM5J8GD0GT0BMSMJ4YP','103-maribel@orn.net','Dr. Krystina Schowalter',0,'2021-08-14 13:11:47.718828'),('01FD1DQMSEMXCNKZ446N34G401','104-ilene.fisher@dachhartmann.name','Mrs. Kole Pollich',0,'2021-08-14 13:11:47.887541'),('01FD1DQNEAQ9XGWPFB0CMHGWX5','105-jalyn@dickensquigley.name','Junior Pacocha',0,'2021-08-14 13:11:48.559084'),('01FD1DQPAT0997HKASDDX604ZM','106-ronny.hermiston@hauck.biz','Donavon Considine III',0,'2021-08-14 13:11:49.474031'),('01FD1DQPDR0RASM3S38GXGPYXK','107-kiarra@vonruedenschmidt.net','Ozella Kihn',0,'2021-08-14 13:11:49.561262'),('01FD1DQPM5S0S4FR7X2HM0MS8S','108-mariana@kshlerin.com','Dejon Heathcote',0,'2021-08-14 13:11:49.771697'),('01FD1DQQ1XGENHMZ6GQKKV3SZM','109-mose@nader.net','Edna Bogisich',0,'2021-08-14 13:11:50.206146'),('01FD1DQQY1V00YNP1KFR6RVEF5','110-miller.wilderman@oconner.net','Emmet Fritsch',0,'2021-08-14 13:11:51.113862'),('01FD1DQQY9422X15NZ8N5G6C57','111-karl.wunsch@wisoky.com','Myrl Kunze',0,'2021-08-14 13:11:51.114909'),('01FD1DQR1Y6BFPJR37ZB9S6NP4','112-tressie@goodwinmills.biz','Salvatore Hane',0,'2021-08-14 13:11:51.231401'),('01FD1DQR2FQTC44SKD3QKHRFBQ','113-adah_legros@beattyfadel.info','Britney Connelly',0,'2021-08-14 13:11:51.249778'),('01FD1DQRF6SGVAQSD74MPFF7T6','114-matilda_halvorson@schneiderrolfson.info','Flavie Fritsch',0,'2021-08-14 13:11:51.654766'),('01FD1DQSAN6PC9TMZW7TC35YWJ','115-arlo.franecki@bednar.com','Alford Gusikowski',0,'2021-08-14 13:11:52.535028'),('01FD1DQSW3YM855MDRFWMQFC0A','116-rickey@langworthhalvorson.com','Ryan Davis',0,'2021-08-14 13:11:53.092288'),('01FD1DQSWNCJYPTRAGJAPD1HCD','117-ruthe.sporer@considine.org','Vincenzo Johns',0,'2021-08-14 13:11:53.110229'),('01FD1DQTB1MHE6BASDDZZS03JA','118-destiny_koepp@purdy.biz','Nelda Goyette',0,'2021-08-14 13:11:53.572893'),('01FD1DQVFPG4M5FWCF261ERW89','119-jayde@monahan.org','Gwendolyn Gleichner',0,'2021-08-14 13:11:54.742963'),('01FD1DQWCA31Q288MHQ5NKFD9W','120-jules@murazik.com','Darien Bode',0,'2021-08-14 13:11:55.664173'),('01FD1DQWGCFWQRN6PY0W8N1DTV','121-elmore_dicki@torphy.com','Gussie Hayes',0,'2021-08-14 13:11:55.793854'),('01FD1DQWNBPK02P5WEKYBET61A','122-bernard@damorelueilwitz.net','Jeff Denesik',0,'2021-08-14 13:11:55.948335'),('01FD1DQYM1QT3HXZDRD59BAD3R','123-hilario@lebsack.biz','Sarah Johnston I',0,'2021-08-14 13:11:57.953571'),('01FD1DQYPHMT8E8ZAEN36H5AMW','124-gladys_hammes@kuhlman.net','Marcelino Durgan',0,'2021-08-14 13:11:58.033659'),('01FD1DQZPX2WFS5M5V1WFE8EK8','125-austen_batz@leannonkirlin.com','Amaya Mann',0,'2021-08-14 13:11:59.070323'),('01FD1DQZZ1X0N56Q6X2RDZZ5YY','126-osborne@bartell.com','Camila Marvin',0,'2021-08-14 13:11:59.330870'),('01FD1DR0J9W4H8V4V88113H5XD','127-nakia_smitham@cole.biz','Edgardo Ebert',0,'2021-08-14 13:11:59.946756'),('01FD1DR0K0TY137H1Z5FDZQKMX','128-akeem_homenick@sanfordabernathy.com','Cloyd Parker',0,'2021-08-14 13:11:59.968858');
/*!40000 ALTER TABLE `users` ENABLE KEYS */;
UNLOCK TABLES;
/*!40103 SET TIME_ZONE=@OLD_TIME_ZONE */;

/*!40101 SET SQL_MODE=@OLD_SQL_MODE */;
/*!40014 SET FOREIGN_KEY_CHECKS=@OLD_FOREIGN_KEY_CHECKS */;
/*!40014 SET UNIQUE_CHECKS=@OLD_UNIQUE_CHECKS */;
/*!40101 SET CHARACTER_SET_CLIENT=@OLD_CHARACTER_SET_CLIENT */;
/*!40101 SET CHARACTER_SET_RESULTS=@OLD_CHARACTER_SET_RESULTS */;
/*!40101 SET COLLATION_CONNECTION=@OLD_COLLATION_CONNECTION */;
/*!40111 SET SQL_NOTES=@OLD_SQL_NOTES */;

-- Dump completed on 2021-08-14 14:49:27
